Player,Year,win3_full,win5_full,played3,best3,top23,top33,total3,games3,seasons3,played5,best5,top25,top35,total5,games5,seasons5
Ja'Marr Chase,2021,1,1,1,20.2,19.058823529411764,18.17921568627451,809.72,45,3,1,23.705882352941178,21.95294117647059,21.16862745098039,1526.3200000000002,78,5
D.J. Moore,2018,1,1,1,15.366666666666667,14.733333333333334,13.134722222222223,601.0,46,3,1,15.366666666666667,14.733333333333334,14.479084967320262,1037.6,80,5
Amari Cooper,2015,1,1,1,14.518749999999999,13.94375,13.067261904761905,604.6,46,3,1,15.40625,14.962499999999999,14.763888888888888,1066.6,77,5
John Ross,2017,1,1,1,11.875,9.202884615384615,9.202884615384615,179.1,24,3,1,11.875,9.202884615384615,7.653774928774929,223.79999999999998,35,5
N'Keal Harry,2019,1,1,1,5.838461538461539,5.733516483516484,4.948270248270249,145.70000000000002,29,3,1,5.838461538461539,5.733516483516484,5.189010989010989,170.3,35,4
DeVante Parker,2015,1,1,1,11.675,10.984166666666667,10.65611111111111,377.8,36,3,1,15.3875,13.53125,12.451944444444445,684.9,63,5
Jalen Reagor,2020,1,1,1,7.927272727272728,6.260695187165775,5.070463458110517,192.20000000000002,38,3,1,7.927272727272728,6.260695187165775,5.229352346999406,235.4,54,5
Phillip Dorsett,2015,1,1,1,6.586666666666667,5.484242424242424,4.845050505050505,179.1,35,3,1,9.163636363636364,8.304545454545455,7.731919191919192,361.8,57,5
CeeDee Lamb,2020,1,1,1,17.741176470588233,16.145588235294117,15.299142156862743,752.0999999999999,49,3,1,23.835294117647063,20.788235294117648,19.7121568627451,1420.7,81,5
Skyy Moore,2022,1,0,1,4.130769230769231,3.82967032967033,3.82967032967033,103.1,29,3,1,4.130769230769231,3.82967032967033,2.8433096315449258,117.89999999999999,46,4
Elijah Moore,2021,1,1,1,12.563636363636363,10.409943181818182,9.037581168831169,358.4,41,3,1,12.563636363636363,10.409943181818182,9.310550356506239,507.9,67,5
Devin Funchess,2015,1,1,1,12.1875,9.415625,8.327083333333333,387.4,46,3,1,12.1875,10.483035714285714,9.20327380952381,516.5,61,5
Tre'Quan Smith,2018,1,1,1,7.93076923076923,7.838461538461538,7.605641025641025,275.20000000000005,36,3,1,8.77,8.350384615384614,8.148974358974359,415.70000000000005,55,5
Chris Godwin,2017,1,1,1,19.72142857142857,15.648214285714285,12.487698412698412,553.8,45,3,1,19.72142857142857,18.517857142857142,17.65079365079365,987.1999999999999,71,5
Tyler Boyd,2016,1,1,1,15.792857142857143,11.774553571428571,9.733035714285714,401.7,40,3,1,15.792857142857143,14.862053571428572,14.188924603174604,817.24,71,5
Juju Smith-Schuster,2017,1,1,1,18.55625,16.881971153846152,14.39909188034188,607.8,41,3,1,18.55625,16.881971153846152,16.131730769230767,876.6999999999999,62,5
James Washington,2018,1,1,1,8.9,7.550000000000001,6.247222222222223,276.4,43,3,1,8.9,7.550000000000001,6.495555555555556,342.2,59,5
Christian Kirk,2018,1,1,1,12.853846153846153,11.655494505494506,11.200885225885225,437.0,39,3,1,14.347058823529412,13.600452488687782,13.137948717948717,888.52,73,5
Alec Pierce,2022,1,0,1,10.0875,8.553125000000001,7.572671568627452,369.1,49,3,1,12.22,11.15375,9.775416666666667,552.4000000000001,64,4
Justin Jefferson,2020,1,1,1,21.685882352941178,20.56058823529412,19.419558823529414,973.26,50,3,1,21.685882352941178,21.05294117647059,20.51372549019608,1494.94,77,5
Courtland Sutton,2018,1,1,1,13.90125,11.21,11.21,368.32000000000005,33,3,1,13.90125,12.263958333333333,11.121854575163399,677.96,65,5
Rashod Bateman,2021,1,1,1,8.916666666666666,8.770833333333332,7.547222222222222,233.5,33,3,1,10.912500000000001,9.914583333333333,9.484722222222222,463.5,62,5
Breshad Perriman,2015,1,1,1,6.739999999999999,6.48,4.856363636363636,181.0,36,3,1,9.864285714285714,9.061309523809523,8.287539682539682,418.20000000000005,62,5
Zay Jones,2017,1,1,1,10.325,7.683928571428572,6.286904761904762,284.7,44,3,1,10.325,8.692499999999999,7.475952380952381,427.15999999999997,70,5
Nelson Agholor,2015,1,1,1,11.71875,8.789375,7.277532051282051,330.7,44,3,1,11.71875,11.028125,10.200568181818182,590.1,71,5
Sammie Coates,2015,1,1,1,7.081818181818182,4.840909090909091,4.840909090909091,93.0,17,3,1,7.081818181818182,4.840909090909091,4.840909090909091,95.2,19,4
Tyler Lockett,2015,1,1,1,10.4625,9.663392857142856,9.031845238095238,415.8,46,3,1,14.7,14.3,13.020833333333334,873.4000000000001,78,5
Tyquan Thornton,2022,1,0,1,5.5249999999999995,4.273611111111111,3.574074074074074,102.2,25,3,1,6.733333333333333,6.129166666666666,5.093518518518518,183.0,37,4
Terrace Marshall Jr.,2021,1,1,1,6.384615384615385,5.248557692307692,4.410149572649573,148.70000000000002,33,3,1,6.384615384615385,5.248557692307692,4.410149572649573,155.8,38,4
Leonte Carroo,2016,1,1,1,3.475,2.9275,2.9275,44.6,12,3,1,3.475,2.9275,2.9275,44.6,12,3
Calvin Ridley,2018,1,1,1,18.766666666666666,16.96025641025641,15.615170940170941,685.3,44,3,1,18.766666666666666,16.96025641025641,16.046837606837606,986.3,66,5
Drake London,2022,1,0,1,16.51764705882353,13.708198529411765,12.640759803921569,633.78,50,3,1,16.825,16.671323529411765,14.747132352941177,835.68,62,4
A.J. Brown,2019,1,1,1,17.678571428571427,15.79697802197802,15.054235347985347,645.5,43,3,1,17.678571428571427,17.65105042016807,17.445798319327732,1234.7,77,5
Tee Higgins,2020,1,1,1,15.778571428571428,15.714285714285715,14.80063492063492,634.6,43,3,1,18.508333333333333,17.143452380952382,16.645634920634922,994.3000000000001,67,5
Jaelen Strong,2015,1,1,1,4.8100000000000005,4.663333333333334,4.663333333333334,88.0,17,3,1,4.8100000000000005,4.663333333333334,4.663333333333334,88.0,17,3
Taywan Taylor,2017,1,1,1,6.738461538461538,4.912980769230769,4.912980769230769,137.0,30,3,1,6.738461538461538,4.912980769230769,4.912980769230769,137.0,31,4
Dyami Brown,2021,1,1,1,4.685714285714286,3.9039682539682543,3.4990557590557594,95.86000000000001,29,3,1,4.685714285714286,4.601948051948052,4.565743145743146,212.96000000000004,55,5
Treylon Burks,2022,1,0,1,8.009090909090908,6.221212121212121,4.647474747474747,135.5,25,3,1,8.009090909090908,6.221212121212121,5.355808080808081,164.5,33,4
Denzel Mims,2020,1,1,1,6.744444444444444,5.016666666666667,4.054444444444445,111.6,28,3,1,6.744444444444444,5.016666666666667,4.054444444444445,111.6,28,3
Corey Coleman,2016,1,1,1,9.33,8.303888888888888,6.235925925925926,171.4,25,3,1,9.33,8.303888888888888,6.235925925925926,171.4,25,3
David Bell,2022,1,0,1,5.411111111111111,4.326984126984128,4.326984126984128,99.8,24,3,1,5.411111111111111,4.326984126984128,4.326984126984128,99.8,24,3
Jahan Dotson,2022,1,0,1,10.883333333333333,9.112254901960783,7.072455648926237,297.29999999999995,43,3,1,10.883333333333333,9.112254901960783,7.190392156862745,347.49999999999994,58,4
Tylan Wallace,2021,1,1,1,1.46,1.2675,1.2675,19.7,11,3,1,4.5375000000000005,2.9987500000000002,2.4385606060606064,70.5,30,5
Stefon Diggs,2015,1,1,1,14.86923076923077,14.513186813186813,13.503663003663002,540.8,40,3,1,17.753333333333334,16.311282051282053,15.593235653235654,1019.1999999999999,70,5
Gabriel Davis,2020,1,1,0,0.0,0.0,0.0,0.0,0,0,0,0.0,0.0,0.0,0.0,0,0
Bryan Edwards,2020,1,1,1,6.81875,5.426041666666666,3.992361111111111,149.89999999999998,29,3,1,6.81875,5.426041666666666,3.992361111111111,149.89999999999998,29,3
Corey Davis,2017,1,1,1,11.475,9.574166666666667,8.549444444444445,370.2,42,3,1,13.671428571428573,12.68015873015873,12.278439153439153,666.8000000000001,65,5
J.J. Arcega-Whiteside,2019,1,1,1,4.1125,3.5062499999999996,3.5062499999999996,53.0,16,3,1,4.1125,3.5062499999999996,3.5062499999999996,53.0,16,3
Khalil Shakir,2022,1,0,1,12.166666666666666,9.617708333333333,7.548472222222222,329.7,41,3,1,12.166666666666666,11.283333333333333,9.878472222222221,496.1,57,4
Tajae Sharpe,2016,1,1,1,6.58125,6.440624999999999,5.988988095238095,258.4,43,3,1,6.58125,6.440624999999999,5.988988095238095,306.4,60,5
Antonio Gandy-Golden,2020,1,1,1,0.875,0.875,0.875,3.5,4,1,1,0.875,0.875,0.875,3.5,4,1
Wan'Dale Robinson,2022,1,0,1,10.747058823529413,9.813529411764705,9.409019607843137,367.5,38,3,1,13.618749999999999,12.182904411764707,11.081936274509806,585.4,54,4
Brandon Aiyuk,2020,1,1,1,15.375,14.3875,13.139583333333334,582.6,45,3,1,15.575,15.475,14.783333333333333,894.1999999999999,68,5
Rashard Higgins,2016,1,1,1,9.092307692307692,6.996153846153845,5.12076923076923,200.5,37,3,1,10.075000000000001,9.583653846153847,8.022435897435898,336.9,55,5
Romeo Doubs,2022,1,0,1,10.258823529411766,10.210180995475113,9.411915535444948,408.1,43,3,1,10.3375,10.298161764705883,10.252620663650076,573.5,59,4
Cooper Kupp,2017,1,1,1,16.90625,16.896875,15.195694444444447,582.5,39,3,1,25.852941176470587,21.379595588235293,19.88223039215686,1232.7,71,5
Jerry Jeudy,2020,1,1,1,13.613333333333333,11.731666666666666,10.654444444444444,446.79999999999995,41,3,1,14.170588235294119,13.891960784313726,12.544640522875817,829.4999999999999,74,5
Pharoh Cooper,2016,1,1,1,2.825,2.594318181818182,2.594318181818182,48.6,20,3,1,5.045454545454546,3.935227272727273,3.443484848484849,116.39999999999999,36,5
Dante Pettis,2018,1,1,1,11.5,7.668888888888889,7.668888888888889,155.64,21,3,1,11.5,8.07857142857143,6.664973544973545,246.18,37,5
Michael Thomas,2016,1,1,1,19.71875,18.382708333333333,17.640555555555554,829.7,47,3,1,23.4125,21.565625,20.059305555555557,1288.2000000000003,70,5
Chase Claypool,2020,1,1,1,13.43125,12.268958333333334,10.513527777777778,486.53999999999996,46,3,1,13.43125,12.268958333333334,10.513527777777778,508.23999999999995,53,4
Laquon Treadwell,2016,1,1,1,4.746666666666667,3.9117948717948723,3.9117948717948723,113.7,30,3,1,5.725,5.235833333333334,4.727592592592592,170.0,43,5
Nico Collins,2021,1,1,1,17.36,13.535,11.013809523809522,441.09999999999997,39,3,1,17.55,17.455,16.66333333333333,877.8999999999999,66,5
Michael Gallup,2018,1,1,1,15.192857142857141,13.01205357142857,10.845813492063492,483.7,45,3,1,15.192857142857141,13.01205357142857,12.063591269841268,680.6,68,5
Amara Darboh,2017,1,1,1,1.8875,1.8875,1.8875,15.1,8,1,1,1.8875,1.8875,1.8875,15.1,8,1
Josh Reynolds,2017,1,1,1,9.090909090909092,6.479829545454546,5.461553030303031,189.3,35,3,1,9.090909090909092,8.575454545454544,8.348219696969696,396.20000000000005,61,5
K.J. Hamler,2020,1,1,1,7.508333333333334,5.904166666666667,5.904166666666667,128.3,21,3,1,7.508333333333334,5.904166666666667,5.904166666666667,128.3,21,3
Jameson Williams,2022,1,0,1,14.146666666666667,10.419166666666666,7.784999999999999,307.59999999999997,33,3,1,14.146666666666667,13.540980392156863,11.257875816993463,527.5,50,4
Andy Isabella,2019,1,1,1,4.9818181818181815,4.457575757575757,4.457575757575757,92.49999999999999,21,3,1,4.9818181818181815,4.457575757575757,4.457575757575757,96.69999999999999,24,4
Diontae Johnson,2019,1,1,1,17.15,16.035,14.129583333333334,663.3,47,3,1,17.15,16.035,14.605384615384615,996.7,77,5
Kevin White,2015,1,1,1,9.65,9.65,9.65,54.400000000000006,8,3,1,9.65,9.65,9.65,54.400000000000006,8,3
Kenny Golladay,2017,1,1,1,15.5,14.653333333333332,12.635555555555555,549.7,42,3,1,15.5,14.653333333333332,14.155555555555557,704.6,61,5
Rondale Moore,2021,1,1,1,10.987499999999999,9.461607142857142,8.36656162464986,304.0,39,3,1,10.987499999999999,9.461607142857142,8.36656162464986,304.0,39,3
Miles Boykin,2019,1,1,1,5.3538461538461535,4.793589743589743,4.793589743589743,121.99999999999999,26,3,1,5.3538461538461535,4.793589743589743,3.5873931623931625,129.79999999999998,33,5
Mike Williams,2017,1,1,1,11.2625,11.007916666666667,8.097870370370371,362.0,40,3,1,15.4125,13.337499999999999,12.551190476190476,762.3000000000001,70,5
Parris Campbell,2019,1,1,1,5.442857142857143,5.404761904761905,5.404761904761905,85.0,15,3,1,8.770588235294117,7.10672268907563,6.526704014939309,264.5,40,5
Josh Malone,2017,1,1,1,2.0555555555555554,2.0555555555555554,2.0555555555555554,27.5,13,3,1,2.0555555555555554,2.0555555555555554,2.0555555555555554,27.5,13,3
Chris Olave,2022,1,0,1,14.456249999999999,13.834791666666666,12.419027777777778,506.2,39,3,1,16.75,15.603124999999999,14.806527777777776,774.2,55,4
Tyler Johnson,2020,1,1,1,4.8,4.445,4.445,121.7,26,3,1,5.554545454545455,5.177272727272728,4.8478114478114485,220.5,46,5
Josh Doctson,2016,1,1,1,7.986666666666666,7.633333333333333,7.633333333333333,237.60000000000002,32,3,1,7.986666666666666,7.633333333333333,7.633333333333333,237.60000000000002,32,3
Michael Pittman Jr.,2020,1,1,1,14.035294117647059,13.78327205882353,11.724745475113123,554.0,46,3,1,15.7625,14.898897058823529,14.443014705882353,972.0,78,5
Robert Davis,2017,1,1,1,0.0,0.0,0.0,3.7,3,1,1,0.0,0.0,0.0,3.7,3,1
Jalen Tolbert,2022,1,0,1,8.941176470588236,6.809049773755657,6.809049773755657,216.0,32,3,1,8.941176470588236,6.809049773755657,5.825477626948216,262.3,44,4
Devonta Smith,2021,1,1,1,14.976470588235294,14.600735294117648,13.373039215686276,667.8,50,3,1,15.338461538461539,15.157466063348416,14.846644042232278,1069.0,80,5
Keke Coutee,2018,1,1,1,11.125,10.7875,9.391666666666667,204.5,22,3,1,11.125,10.7875,9.391666666666667,207.0,24,5
D.J. Chark,2018,1,1,1,15.053333333333335,13.434358974358975,9.936239316239318,408.8,38,3,1,15.053333333333335,13.434358974358975,11.931996891996894,541.4000000000001,52,5
Curtis Samuel,2017,1,1,1,11.566666666666668,11.148958333333333,8.803472222222222,343.4,36,3,1,14.139999999999999,12.853333333333333,12.145972222222222,565.3,56,5
Lynn Bowden,2020,1,1,1,5.953333333333333,4.382916666666667,4.382916666666667,76.08,17,2,1,5.953333333333333,4.382916666666667,4.382916666666667,76.08,17,2
Isaiah Ford,2017,1,1,1,6.177777777777778,6.120138888888889,6.120138888888889,104.1,18,3,1,6.177777777777778,6.120138888888889,5.416759259259258,144.2,28,4
Quintez Cephus,2020,1,1,1,9.879999999999999,7.9809090909090905,7.9809090909090905,119.80000000000001,17,3,1,9.879999999999999,7.9809090909090905,7.9809090909090905,119.80000000000001,17,3
Jordan Lasley,2018,1,1,0,0.0,0.0,0.0,0.0,0,0,0,0.0,0.0,0.0,0.0,0,0
Malachi Dupre,2017,1,1,0,0.0,0.0,0.0,0.0,0,0,0,0.0,0.0,0.0,0.0,0,0
George Pickens,2022,1,0,1,12.282352941176471,12.012605042016808,11.273109243697482,539.7,48,3,1,17.170588235294115,14.726470588235294,13.731932773109245,831.6,65,4
Ihmir Smith-Marsette,2021,1,1,1,4.642857142857143,4.642857142857143,4.642857142857143,61.5,13,3,1,4.642857142857143,4.642857142857143,4.642857142857143,67.5,14,4
Seth Williams,2021,1,1,1,0.0,0.0,0.0,4.4,1,1,1,0.0,0.0,0.0,4.4,1,1
Jamison Crowder,2015,1,1,1,12.34375,11.715208333333333,10.63513888888889,499.4,47,3,1,12.356250000000001,12.350000000000001,11.92888888888889,779.9,72,5
Laviska Shenault,2020,1,1,1,11.221428571428572,9.579464285714286,8.250412087912087,356.8,43,3,1,11.221428571428572,9.579464285714286,8.250412087912087,393.0,57,5
Darnell Mooney,2020,1,1,1,12.923529411764704,11.214889705882353,10.552350713012478,473.29999999999995,44,3,1,12.923529411764704,12.499264705882352,11.5015931372549,745.3999999999999,74,5
Deebo Samuel,2019,1,1,1,21.185000000000002,16.895833333333336,15.106746031746033,608.76,38,3,1,21.185000000000002,18.715833333333336,16.795170940170944,1020.8599999999999,66,5
Garrett Wilson,2022,1,0,1,14.81764705882353,13.75294117647059,13.349019607843138,680.8,51,3,1,14.81764705882353,14.515966386554622,13.90672268907563,780.3,58,4
Devin Smith,2015,1,1,1,3.7857142857142856,3.7857142857142856,3.7857142857142856,51.8,11,3,1,3.7857142857142856,3.7857142857142856,3.7857142857142856,51.8,11,3
Antonio Callaway,2018,1,1,1,8.26875,6.246875,6.246875,153.20000000000002,23,3,1,8.26875,6.246875,6.246875,153.20000000000002,23,3
Ricardo Louis,2016,1,1,1,5.5,4.989285714285714,4.989285714285714,101.2,21,2,1,5.5,4.989285714285714,4.989285714285714,101.2,21,2
Chad Hansen,2017,1,1,1,9.32,6.193333333333333,6.193333333333333,65.0,11,2,1,9.32,6.193333333333333,6.193333333333333,65.0,11,2
Darius Slayton,2019,1,1,1,12.142857142857142,10.477678571428571,8.744093406593406,379.6,43,3,1,12.142857142857142,11.00989010989011,10.30071105365223,659.0,73,5
Hakeem Butler,2019,1,1,1,0.0,0.0,0.0,0.0,1,1,1,0.0,0.0,0.0,0.0,1,1
Dillon Mitchell,2019,1,1,0,0.0,0.0,0.0,0.0,0,0,0,0.0,0.0,0.0,0.0,0,0
Bo Melton,2022,1,0,1,11.475,6.760227272727272,5.127331002331002,92.60000000000001,28,3,1,11.475,6.760227272727272,5.127331002331002,92.60000000000001,28,3
Sterling Shepard,2016,1,1,1,13.136363636363637,12.33068181818182,12.02253787878788,511.4,43,3,1,14.180000000000001,13.860833333333334,13.619343434343435,815.7,65,5
KeeSean Johnson,2019,1,1,1,4.6,4.31875,4.31875,78.3,18,2,1,4.6,4.31875,4.31875,78.3,18,2
Demarcus Robinson,2016,1,1,1,6.7266666666666675,6.034761904761905,5.42984126984127,217.9,39,3,1,7.173333333333334,6.950000000000001,6.414285714285715,394.9,68,5
Gary Jennings,2019,1,1,0,0.0,0.0,0.0,0.0,0,0,0,0.0,0.0,0.0,0.0,0,0
Jaelon Darden,2021,1,1,1,1.6285714285714283,1.6285714285714283,1.6285714285714283,17.8,11,3,1,1.6285714285714283,1.6285714285714283,1.6285714285714283,17.8,11,3
KD Cannon,2017,1,1,0,0.0,0.0,0.0,0.0,0,0,0,0.0,0.0,0.0,0.0,0,0
Trent Taylor,2017,1,1,1,6.533333333333333,5.401282051282051,4.486568986568987,172.1,35,3,1,6.533333333333333,5.401282051282051,4.486568986568987,191.89999999999998,42,5
Jerome Lane,2017,1,1,0,0.0,0.0,0.0,0.0,0,0,0,0.0,0.0,0.0,0.0,0,0
J'Mon Moore,2018,1,1,1,0.0,0.0,0.0,3.5,2,1,1,0.0,0.0,0.0,3.5,2,1
Justin Hardy,2015,1,1,1,6.01,5.973181818181818,5.4784175084175075,165.79999999999998,30,3,1,6.01,5.973181818181818,5.619621212121213,243.59999999999997,49,5
Dorial Green-Beckham,2015,1,1,1,8.064285714285713,7.1464285714285705,7.1464285714285705,200.1,28,2,1,8.064285714285713,7.1464285714285705,7.1464285714285705,200.1,28,2
Kenny Bell,2015,1,1,0,0.0,0.0,0.0,0.0,0,0,0,0.0,0.0,0.0,0.0,0,0
Aaron Parker,2020,1,1,0,0.0,0.0,0.0,0.0,0,0,0,0.0,0.0,0.0,0.0,0,0
Amon-Ra St. Brown,2021,1,1,1,20.68125,18.703125,17.204166666666666,825.8,48,3,1,20.68125,19.87003676470588,19.44629901960784,1465.98,82,5
Quez Watkins,2020,1,1,1,6.823529411764706,6.3617647058823525,6.001593137254901,224.1,37,3,1,7.040000000000001,6.931764705882353,6.587843137254903,259.3,42,4
Kelvin Harmon,2019,1,1,1,5.149230769230769,5.149230769230769,5.149230769230769,66.94,13,1,1,5.149230769230769,5.149230769230769,5.149230769230769,66.94,13,1
Jauan Jennings,2020,1,1,1,6.323076923076922,5.742788461538461,5.259081196581196,216.29999999999998,41,3,1,14.033333333333333,12.793333333333333,10.636581196581195,600.0999999999999,71,5
Zach Pascal,2017,1,1,1,9.664285714285715,9.110267857142858,8.09775432900433,339.0,41,3,1,9.664285714285715,9.110267857142858,8.09775432900433,469.5,69,5
Marquez Callaway,2020,1,1,1,8.92941176470588,7.98970588235294,6.586470588235294,231.89999999999998,33,3,1,8.92941176470588,7.98970588235294,6.586470588235294,231.89999999999998,33,3
Erik Ezukanma,2022,1,0,1,0.0,0.0,0.0,3.5,4,3,1,0.0,0.0,0.0,3.5,4,3
Calvin Austin ,2022,1,0,1,7.105882352941176,6.631512605042017,5.6757703081232505,259.7,45,3,1,7.105882352941176,6.631512605042017,5.6757703081232505,259.7,45,3
Equanimeous St. Brown,2018,1,1,1,4.9363636363636365,4.055681818181818,3.451936026936027,99.89999999999999,28,3,1,4.9363636363636365,4.427556818181818,4.010037878787879,173.79999999999998,49,5
Keevan Lucas,2017,1,1,0,0.0,0.0,0.0,0.0,0,0,0,0.0,0.0,0.0,0.0,0,0
Allen Lazard,2018,1,1,1,9.78,9.562727272727273,9.562727272727273,202.3,22,3,1,11.653333333333334,10.915952380952382,10.537301587301586,519.6,51,5
Jalen Robinette,2017,1,1,0,0.0,0.0,0.0,0.0,0,0,0,0.0,0.0,0.0,0.0,0,0
Steven Sims,2019,1,1,1,8.423076923076923,6.997902097902098,5.616783216783216,202.20000000000002,35,3,1,8.423076923076923,6.997902097902098,5.616783216783216,207.8,38,5
Anthony Miller,2018,1,1,1,8.587142857142856,8.277946428571429,7.783214285714286,356.42,46,3,1,8.587142857142856,8.277946428571429,7.783214285714286,370.92,49,4
Isaiah Hodgins,2020,1,1,1,11.133333333333333,7.709523809523809,7.709523809523809,163.39999999999998,25,3,1,11.133333333333333,7.8583333333333325,6.667460317460317,190.89999999999998,31,4
D.K. Metcalf,2019,1,1,1,17.08125,15.72591911764706,14.38186274509804,704.7,49,3,1,17.08125,15.72591911764706,15.179779411764706,1156.9,82,5
Daurice Fountain,2018,1,1,1,0.0,0.0,0.0,4.3,2,1,1,0.0,0.0,0.0,4.3,2,1
Marquez Stevenson,2021,1,1,0,0.0,0.0,0.0,0.0,0,0,0,0.0,0.0,0.0,0.0,0,0
Emmanuel Butler,2019,1,1,0,0.0,0.0,0.0,0.0,0,0,0,0.0,0.0,0.0,0.0,0,0
Shelton Gibson,2017,1,1,1,0.0,0.0,0.0,8.9,3,2,1,0.0,0.0,0.0,8.9,3,2
Jalen Nailor,2022,1,0,1,7.0,6.79,6.79,143.8,22,3,1,7.0,6.79,6.501176470588235,244.5,39,4
Trey Quinn,2018,1,1,1,4.316666666666666,4.316666666666666,4.316666666666666,74.3,14,2,1,4.316666666666666,4.316666666666666,4.316666666666666,74.3,14,2
Carlos Henderson,2017,1,1,0,0.0,0.0,0.0,0.0,0,0,0,0.0,0.0,0.0,0.0,0,0
Cedrick Wilson,2018,1,1,1,10.558571428571428,7.860285714285714,7.860285714285714,209.04,27,3,1,10.558571428571428,8.442922077922077,7.349281385281384,305.03999999999996,47,5
Lil'Jordan Humphrey,2019,1,1,1,7.128571428571428,7.128571428571428,7.128571428571428,63.5,10,3,1,7.128571428571428,5.70974025974026,5.70974025974026,114.7,24,5
Felton Davis,2019,1,1,0,0.0,0.0,0.0,0.0,0,0,0,0.0,0.0,0.0,0.0,0,0
Deontay Burnett,2018,1,1,1,4.86,4.86,4.86,36.0,7,3,1,4.86,4.86,4.86,36.0,7,3
Dezmon Patmon,2020,1,1,1,2.525,2.525,2.525,14.5,5,2,1,2.525,2.525,2.525,14.5,5,2
Titus Davis,2015,1,1,0,0.0,0.0,0.0,0.0,0,0,0,0.0,0.0,0.0,0.0,0,0
Tamorrion Terry,2021,1,1,0,0.0,0.0,0.0,0.0,0,0,0,0.0,0.0,0.0,0.0,0,0
Demarcus Ayers,2016,1,1,1,0.0,0.0,0.0,16.099999999999998,2,1,1,0.0,0.0,0.0,16.099999999999998,2,1
Aaron Burbridge,2016,1,1,1,1.975,1.975,1.975,15.8,8,1,1,1.975,1.975,1.975,15.8,8,1
Dazz Newsome,2021,1,1,1,0.0,0.0,0.0,4.3,3,1,1,0.0,0.0,0.0,4.3,3,1
Kalija Lipscomb,2020,1,1,0,0.0,0.0,0.0,0.0,0,0,0,0.0,0.0,0.0,0.0,0,0
Cam Phillips,2018,1,1,1,0.0,0.0,0.0,1.9,1,1,1,0.0,0.0,0.0,1.9,1,1
Rannell Hall,2015,1,1,0,0.0,0.0,0.0,0.0,0,0,0,0.0,0.0,0.0,0.0,0,0
Hunter Sharp,2016,1,1,1,0.0,0.0,0.0,16.4,3,1,1,0.0,0.0,0.0,16.4,3,1
Tyrie Cleveland,2020,1,1,1,2.46,2.46,2.46,17.1,9,3,1,2.46,2.46,2.46,17.1,9,3
D'Wayne Eskridge,2021,1,1,1,3.5375,2.63125,2.63125,49.5,19,3,1,3.5375,2.63125,2.63125,49.5,19,3
Cade Johnson,2021,1,1,1,0.0,0.0,0.0,4.1,2,1,1,0.0,0.0,0.0,4.1,2,1
Fred Ross,2017,1,1,0,0.0,0.0,0.0,0.0,0,0,0,0.0,0.0,0.0,0.0,0,0
Amari Rodgers,2021,1,1,1,4.788888888888889,3.594444444444444,3.594444444444444,52.7,14,3,1,4.788888888888889,3.594444444444444,3.594444444444444,52.7,14,3
Kadarius Toney,2021,1,1,1,9.151111111111112,7.87,6.605641025641025,194.66,31,3,1,9.151111111111112,7.87,6.605641025641025,194.26,33,4
Cody White,2020,1,1,1,0.0,0.0,0.0,15.9,5,3,1,2.25,2.25,2.25,33.9,13,4
Daesean Hamilton,2018,1,1,1,8.2875,6.797916666666667,6.2625,192.3,32,3,1,8.2875,6.797916666666667,6.2625,192.3,32,3
Warren Jackson,2021,1,1,0,0.0,0.0,0.0,0.0,0,0,0,0.0,0.0,0.0,0.0,0,0
Jamarius Way,2019,1,1,0,0.0,0.0,0.0,0.0,0,0,0,0.0,0.0,0.0,0.0,0,0
Kenny Lawler,2016,1,1,0,0.0,0.0,0.0,0.0,0,0,0,0.0,0.0,0.0,0.0,0,0
Josh Palmer,2021,1,1,1,10.67,10.625625,9.148194444444444,368.90000000000003,41,3,1,10.67,10.625625,9.470416666666667,528.6,68,5
Stanley Morgan Jr.,2019,1,1,1,0.96,0.96,0.96,8.2,9,3,1,0.96,0.96,0.96,8.2,9,3
Greg Dortch,2019,1,1,1,10.463636363636363,8.815151515151515,8.815151515151515,186.5,22,3,1,10.463636363636363,8.815151515151515,7.647355912061794,276.8,39,4
Cody Thompson,2019,1,1,1,0.0,0.0,0.0,2.0,1,1,1,0.0,0.0,0.0,2.0,1,1
Keelan Doss,2019,1,1,1,4.05,4.05,4.05,33.6,8,2,1,4.05,4.05,4.05,33.6,8,2
David Sills,2019,1,1,1,3.085714285714286,2.005357142857143,2.005357142857143,25.3,11,2,1,3.085714285714286,2.005357142857143,2.005357142857143,25.3,11,2
Antoine Wesley,2019,1,1,1,7.2250000000000005,7.2250000000000005,7.2250000000000005,57.800000000000004,8,1,1,7.2250000000000005,7.2250000000000005,7.2250000000000005,57.800000000000004,8,1
Chris Conley,2015,1,1,1,6.0625,5.88125,5.509722222222222,168.4,30,3,1,9.78125,7.937291666666667,7.3123611111111115,416.3,61,5
Ty Fryfogle,2022,1,0,0,0.0,0.0,0.0,0.0,0,0,0,0.0,0.0,0.0,0.0,0,0
Marquise Brown,2019,1,1,1,14.14375,12.790625,12.01279761904762,555.7,46,3,1,14.14375,13.571875,12.860416666666666,846.4000000000001,71,5
Penny Hart,2019,1,1,1,1.4333333333333333,1.4333333333333333,1.4333333333333333,21.1,13,3,1,1.4333333333333333,1.4333333333333333,1.4333333333333333,21.1,13,3
Simmie Cobbs,2018,1,1,0,0.0,0.0,0.0,0.0,0,0,0,0.0,0.0,0.0,0.0,0,0
Malcolm Mitchell,2016,1,1,1,8.008333333333333,8.008333333333333,8.008333333333333,96.1,12,1,1,8.008333333333333,8.008333333333333,8.008333333333333,96.1,12,1
Jehu Chesson,2017,1,1,1,0.0,0.0,0.0,5.1,5,2,1,0.0,0.0,0.0,5.1,5,2
Preston Williams,2019,1,1,1,11.35,10.35,7.666666666666667,179.4,22,3,1,11.35,10.35,7.666666666666667,179.4,22,3
Sage Surratt,2021,1,1,0,0.0,0.0,0.0,0.0,0,0,0,0.0,0.0,0.0,0.0,0,0
Justyn Ross,2022,1,0,1,2.2600000000000002,2.2600000000000002,2.2600000000000002,11.3,6,2,1,2.2600000000000002,2.2600000000000002,2.2600000000000002,11.3,6,2
Auden Tate,2018,1,1,1,8.458333333333334,6.041666666666667,4.652777777777778,138.0,24,3,1,8.458333333333334,6.041666666666667,5.102777777777778,150.9,28,4
Anthony Schwartz,2021,1,1,1,3.1333333333333333,2.958333333333333,2.958333333333333,52.2,18,2,1,3.1333333333333333,2.958333333333333,2.958333333333333,52.2,18,2
Dres Anderson,2015,1,1,0,0.0,0.0,0.0,0.0,0,0,0,0.0,0.0,0.0,0.0,0,0
Jonathan Adams,2021,1,1,0,0.0,0.0,0.0,0.0,0,0,0,0.0,0.0,0.0,0.0,0,0
Travis Rudolph,2017,1,1,1,3.016666666666667,3.016666666666667,3.016666666666667,18.1,6,1,1,3.016666666666667,3.016666666666667,3.016666666666667,18.1,6,1
Artavis Scott,2017,1,1,0,0.0,0.0,0.0,0.0,0,0,0,0.0,0.0,0.0,0.0,0,0
James Proche,2020,1,1,1,5.171428571428572,3.4571428571428573,3.4571428571428573,50.800000000000004,17,3,1,5.171428571428572,3.4571428571428573,3.4571428571428573,55.900000000000006,21,5
Noel Thomas,2017,1,1,0,0.0,0.0,0.0,0.0,0,0,0,0.0,0.0,0.0,0.0,0,0
Jaylen Smith,2019,1,1,0,0.0,0.0,0.0,0.0,0,0,0,0.0,0.0,0.0,0.0,0,0
Ryan Davis,2019,1,1,0,0.0,0.0,0.0,0.0,0,0,0,0.0,0.0,0.0,0.0,0,0
Josh Johnson,2022,1,0,0,0.0,0.0,0.0,0.0,0,0,0,0.0,0.0,0.0,0.0,0,0
Keyarris Garrett,2016,1,1,0,0.0,0.0,0.0,0.0,0,0,0,0.0,0.0,0.0,0.0,0,0
Jordan Payton,2016,1,1,1,0.0,0.0,0.0,1.3,2,1,1,0.0,0.0,0.0,1.3,2,1
Richie James,2018,1,1,1,9.77142857142857,7.314285714285713,6.228571428571428,130.8,21,3,1,9.892857142857142,9.832142857142856,8.173809523809522,290.7,43,5
Nelson Spruce,2016,1,1,0,0.0,0.0,0.0,0.0,0,0,0,0.0,0.0,0.0,0.0,0,0
Ezell Ruffin,2015,1,1,0,0.0,0.0,0.0,0.0,0,0,0,0.0,0.0,0.0,0.0,0,0
Roger Lewis,2016,1,1,1,6.3999999999999995,4.794444444444444,4.794444444444444,118.3,23,2,1,6.3999999999999995,4.794444444444444,4.794444444444444,118.3,23,2
Tre Turner,2022,1,0,0,0.0,0.0,0.0,0.0,0,0,0,0.0,0.0,0.0,0.0,0,0
Isaiah Coulter,2020,1,1,1,0.0,0.0,0.0,0.0,1,1,1,0.0,0.0,0.0,0.0,1,1
Travis Fulgham,2019,1,1,1,9.658333333333333,9.658333333333333,9.658333333333333,115.9,14,2,1,9.658333333333333,9.658333333333333,9.658333333333333,115.9,14,2
Geronimo Allison,2016,1,1,1,12.459999999999999,9.387142857142857,7.66112554112554,152.8,23,3,1,12.459999999999999,9.387142857142857,7.933650793650794,228.20000000000002,39,5
Collin Johnson,2020,1,1,1,5.92,4.4957142857142856,4.4957142857142856,82.8,18,3,1,5.92,4.4957142857142856,4.4957142857142856,84.39999999999999,20,4
DeRunnya Wilson,2016,1,1,0,0.0,0.0,0.0,0.0,0,0,0,0.0,0.0,0.0,0.0,0,0
Jhamon Ausbon,2021,1,1,0,0.0,0.0,0.0,0.0,0,0,0,0.0,0.0,0.0,0.0,0,0
James Quick,2017,1,1,0,0.0,0.0,0.0,0.0,0,0,0,0.0,0.0,0.0,0.0,0,0
Joe Reed,2020,1,1,1,0.0,0.0,0.0,8.9,3,1,1,0.0,0.0,0.0,8.9,3,1
Isaiah McKoy,2021,1,1,0,0.0,0.0,0.0,0.0,0,0,0,0.0,0.0,0.0,0.0,0,0
Isaiah McKenzie,2017,1,1,1,9.083333333333334,7.179166666666667,5.133730158730159,125.1,25,3,1,9.083333333333334,7.861000000000001,6.999,279.18,51,5
Drew Morgan,2017,1,1,0,0.0,0.0,0.0,0.0,0,0,0,0.0,0.0,0.0,0.0,0,0
Mario Alford,2015,1,1,1,0.0,0.0,0.0,2.5,1,1,1,0.0,0.0,0.0,2.5,1,1
Deon Cain,2018,1,1,1,1.9454545454545453,1.9454545454545453,1.9454545454545453,21.4,11,1,1,1.9454545454545453,1.9454545454545453,1.9454545454545453,21.4,11,1
Dax Milne,2021,1,1,1,2.242857142857143,1.976984126984127,1.976984126984127,31.1,16,2,1,2.242857142857143,1.976984126984127,1.976984126984127,31.1,16,2
Donovan Peoples-Jones,2020,1,1,1,9.829411764705881,9.13393665158371,8.870243482008187,335.2,37,3,1,9.829411764705881,9.13393665158371,8.870243482008187,363.7,49,4
Devin Duvernay,2020,1,1,1,8.292857142857143,6.719761904761905,5.744126984126985,246.4,43,3,1,8.292857142857143,6.719761904761905,5.744126984126985,272.90000000000003,59,5
Makai Polk,2022,1,0,0,0.0,0.0,0.0,0.0,0,0,0,0.0,0.0,0.0,0.0,0,0
Rico Bussey,2021,1,1,0,0.0,0.0,0.0,0.0,0,0,0,0.0,0.0,0.0,0.0,0,0
Devante Davis,2015,1,1,0,0.0,0.0,0.0,0.0,0,0,0,0.0,0.0,0.0,0.0,0,0
Geremy Davis,2015,1,1,1,0.0,0.0,0.0,4.1,6,3,1,0.0,0.0,0.0,10.899999999999999,8,4
Johnny Johnson II,2022,1,0,0,0.0,0.0,0.0,0.0,0,0,0,0.0,0.0,0.0,0.0,0,0
Dezmin Lewis,2015,1,1,1,0.0,0.0,0.0,0.0,1,1,1,0.0,0.0,0.0,0.0,1,1
Nyqwan Murray,2019,1,1,0,0.0,0.0,0.0,0.0,0,0,0,0.0,0.0,0.0,0.0,0,0
T.J. Vasher,2021,1,1,0,0.0,0.0,0.0,0.0,0,0,0,0.0,0.0,0.0,0.0,0,0
Samori Toure,2022,1,0,1,4.8,3.5125,3.5125,38.3,13,3,1,4.8,3.5125,3.5125,38.3,13,3
Victor Bolden,2017,1,1,1,0.0,0.0,0.0,2.0,1,1,1,0.0,0.0,0.0,2.0,1,1
Tavares Martin,2018,1,1,0,0.0,0.0,0.0,0.0,0,0,0,0.0,0.0,0.0,0.0,0,0
Mecole Hardman,2019,1,1,1,8.288235294117648,8.260784313725491,8.217606209150327,394.5,48,3,1,11.725,10.006617647058825,9.415522875816995,516.0,63,5
Ben Skowronek,2021,1,1,1,6.021428571428571,4.746428571428572,3.960582010582011,130.1,30,3,1,6.021428571428571,4.746428571428572,4.155952380952381,158.9,50,5
Rodney Adams,2017,1,1,1,0.0,0.0,0.0,0.0,1,1,1,0.0,0.0,0.0,0.0,1,1
Henry Ruggs,2020,1,1,1,12.071428571428571,9.270329670329671,9.270329670329671,168.60000000000002,20,2,1,12.071428571428571,9.270329670329671,9.270329670329671,168.60000000000002,20,2
Darren Carrington,2018,1,1,0,0.0,0.0,0.0,0.0,0,0,0,0.0,0.0,0.0,0.0,0,0
Braxton Berrios,2018,1,1,1,8.073333333333332,7.7789743589743585,6.158205128205128,235.89999999999998,34,3,1,8.073333333333332,7.7789743589743585,6.6705982905982895,351.47999999999996,62,5
Jester Weah,2018,1,1,0,0.0,0.0,0.0,0.0,0,0,0,0.0,0.0,0.0,0.0,0,0
Tanner Conner,2022,1,0,1,2.2625,2.2625,2.2625,22.700000000000003,12,3,1,2.2625,2.2625,2.2625,22.700000000000003,12,3
Dai'Jean Dixon,2022,1,0,0,0.0,0.0,0.0,0.0,0,0,0,0.0,0.0,0.0,0.0,0,0
Simi Fehoko,2021,1,1,1,3.3200000000000003,3.3200000000000003,3.3200000000000003,29.900000000000002,8,3,1,3.3200000000000003,1.6600000000000001,1.6600000000000001,29.900000000000002,15,4
Shi Smith,2021,1,1,1,4.1066666666666665,3.663333333333333,3.663333333333333,77.7,20,2,1,4.1066666666666665,3.663333333333333,3.663333333333333,77.7,20,2
Noah Brown,2017,1,1,1,3.3111111111111113,2.695555555555556,2.1446560846560847,47.5,21,3,1,7.633333333333334,5.727777777777778,4.9222222222222225,196.4,45,5
DaVaris Daniels,2015,1,1,0,0.0,0.0,0.0,0.0,0,0,0,0.0,0.0,0.0,0.0,0,0
Trevor Davis,2016,1,1,1,4.342857142857143,3.5964285714285715,3.1365079365079365,55.10000000000001,17,3,1,4.342857142857143,3.5964285714285715,3.1365079365079365,55.10000000000001,17,3
ArDarius Stewart,2017,1,1,1,1.8777777777777775,1.8777777777777775,1.8777777777777775,16.9,9,1,1,1.8777777777777775,1.8777777777777775,1.8777777777777775,16.9,9,1
Robby Anderson,2016,1,1,0,0.0,0.0,0.0,0.0,0,0,0,0.0,0.0,0.0,0.0,0,0
Cody Core,2016,1,1,1,6.166666666666667,4.933333333333334,4.933333333333334,74.0,18,3,1,6.166666666666667,4.933333333333334,4.933333333333334,79.8,19,4
Emanuel Hall,2019,1,1,0,0.0,0.0,0.0,0.0,0,0,0,0.0,0.0,0.0,0.0,0,0
Jaylen Waddle,2021,1,1,1,15.4875,15.367279411764706,14.973424369747898,705.6,47,3,1,15.4875,15.367279411764706,14.973424369747898,1049.3200000000002,78,5
Josh Harper,2015,1,1,0,0.0,0.0,0.0,0.0,0,0,0,0.0,0.0,0.0,0.0,0,0
John Metchie,2022,1,0,1,5.54,5.535384615384616,4.456923076923077,159.5,37,3,1,5.54,5.535384615384616,4.456923076923077,159.5,37,3
Van Jefferson,2020,1,1,1,9.894117647058824,8.892058823529412,7.130603318250377,294.0,40,3,1,9.894117647058824,8.892058823529412,7.341372549019607,398.90000000000003,69,5
Kevin Austin,2022,1,0,1,6.6,4.9875,4.9875,60.0,13,2,1,6.6,4.9875,4.9875,60.0,13,2
Chris Moore,2016,1,1,1,5.99,4.538333333333333,3.7477777777777774,125.7,34,3,1,6.9625,6.47625,5.346388888888889,186.5,46,5
Korey Robertson,2018,1,1,0,0.0,0.0,0.0,0.0,0,0,0,0.0,0.0,0.0,0.0,0,0
Jalin Marshall,2016,1,1,1,6.7,6.7,6.7,40.2,6,1,1,6.7,6.7,6.7,40.2,6,1
Terry Godwin,2019,1,1,1,0.0,0.0,0.0,6.5,2,1,1,0.0,0.0,0.0,6.5,2,1
Velus Jones,2022,1,0,1,4.222222222222222,2.6661111111111113,2.6661111111111113,52.0,21,3,1,4.222222222222222,2.6661111111111113,1.9907407407407407,55.2,26,4
Braxton Miller,2016,1,1,1,4.13,3.7816666666666663,3.7816666666666663,72.19999999999999,19,2,1,4.13,3.7816666666666663,3.7816666666666663,72.19999999999999,19,2
Danny Gray,2022,1,0,1,0.58,0.58,0.58,2.9,5,1,1,0.58,0.58,0.58,2.9,5,1
Jalen Hurd,2019,1,1,0,0.0,0.0,0.0,0.0,0,0,0,0.0,0.0,0.0,0.0,0,0
Terry McLaurin,2019,1,1,1,14.92,14.313571428571429,13.728655462184875,629.2,46,3,1,14.92,14.313571428571429,14.032577030812325,1061.4,80,5
Stacy Coley,2017,1,1,1,0.0,0.0,0.0,0.0,2,2,1,0.0,0.0,0.0,0.0,2,2
Quartney Davis,2020,1,1,0,0.0,0.0,0.0,0.0,0,0,0,0.0,0.0,0.0,0.0,0,0
DaMarkus Lodge,2019,1,1,0,0.0,0.0,0.0,0.0,0,0,0,0.0,0.0,0.0,0.0,0,0
K.J. Osborn,2020,1,1,1,9.323529411764707,9.238235294117647,8.825490196078432,434.1,49,3,1,9.323529411764707,9.238235294117647,8.825490196078432,452.8,55,4
DeAndre Smelter,2015,1,1,1,0.0,0.0,0.0,3.3,1,1,1,0.0,0.0,0.0,3.3,1,1
Kendrick Bourne,2017,1,1,1,7.16875,6.844374999999999,5.952916666666667,254.2,41,3,1,10.617647058823529,9.632156862745099,8.811021241830066,564.4,73,5
Jamari Staples,2017,1,1,0,0.0,0.0,0.0,0.0,0,0,0,0.0,0.0,0.0,0.0,0,0
Austin Watkins,2021,1,1,0,0.0,0.0,0.0,0.0,0,0,0,0.0,0.0,0.0,0.0,0,0
Da'Ron Brown,2015,1,1,0,0.0,0.0,0.0,0.0,0,0,0,0.0,0.0,0.0,0.0,0,0
Mack Hollins,2017,1,1,1,4.177777777777778,4.116161616161616,3.681607744107744,104.69999999999999,28,3,1,9.068235294117647,6.853348416289593,5.961491536785655,319.15999999999997,58,5
Gabe Marks,2017,1,1,0,0.0,0.0,0.0,0.0,0,0,0,0.0,0.0,0.0,0.0,0,0
Bug Howard,2017,1,1,0,0.0,0.0,0.0,0.0,0,0,0,0.0,0.0,0.0,0.0,0,0
Jakobi Meyers,2019,1,1,1,11.876666666666667,11.760208333333335,9.715896464646464,390.72,39,3,1,13.66125,13.412767857142857,12.900734126984126,793.6,69,5
Whop Philyor,2021,1,1,0,0.0,0.0,0.0,0.0,0,0,0,0.0,0.0,0.0,0.0,0,0
Jovon Durante,2019,1,1,0,0.0,0.0,0.0,0.0,0,0,0,0.0,0.0,0.0,0.0,0,0
Brandon Smith,2021,1,1,0,0.0,0.0,0.0,0.0,0,0,0,0.0,0.0,0.0,0.0,0,0
Dede Westbrook,2017,1,1,1,11.34375,10.895208333333333,10.449186507936508,405.1,38,3,1,11.34375,10.895208333333333,10.449186507936508,423.3,47,5
J.J. Nelson,2015,1,1,1,9.935714285714285,7.9522321428571425,7.260747354497354,287.5,39,3,1,9.935714285714285,7.9522321428571425,7.260747354497354,314.5,49,5
Jaleel Scott,2018,1,1,1,0.0,0.0,0.0,4.2,2,2,1,0.0,0.0,0.0,4.2,2,2
Riley Ridley,2019,1,1,1,0.0,0.0,0.0,20.8,5,2,1,0.0,0.0,0.0,20.8,5,2
Marquez Valdes-Scantling,2018,1,1,1,9.807142857142859,8.60357142857143,7.604603174603175,332.4,44,3,1,9.807142857142859,8.858116883116883,8.372077922077922,541.8,72,5
Cornell Powell,2021,1,1,0,0.0,0.0,0.0,0.0,0,0,0,0.0,0.0,0.0,0.0,0,0
Hunter Renfrow,2019,1,1,1,15.241176470588236,12.755203619909503,11.245135746606335,524.2,46,3,1,15.241176470588236,12.755203619909503,11.245135746606335,651.7,69,5
John Hightower,2020,1,1,1,2.88,2.88,2.88,28.8,10,1,1,2.88,2.88,2.88,28.8,10,1
Ryan Switzer,2017,1,1,1,4.3375,3.354464285714286,3.354464285714286,96.7,26,3,1,4.3375,3.354464285714286,3.354464285714286,96.7,26,3
Keith Mumphery,2015,1,1,1,3.38,3.37125,3.37125,43.8,13,2,1,3.38,3.37125,3.37125,43.8,13,2
Vince Mayle,2015,1,1,1,0.0,0.0,0.0,6.2,4,2,1,0.0,0.0,0.0,6.2,4,2
Aaron Fuller,2020,1,1,0,0.0,0.0,0.0,0.0,0,0,0,0.0,0.0,0.0,0.0,0,0
Jazz Ferguson,2019,1,1,0,0.0,0.0,0.0,0.0,0,0,0,0.0,0.0,0.0,0.0,0,0
Deon Long,2015,1,1,0,0.0,0.0,0.0,0.0,0,0,0,0.0,0.0,0.0,0.0,0,0
Frank Darby,2021,1,1,1,0.0,0.0,0.0,4.9,3,2,1,0.0,0.0,0.0,4.9,3,2
Freddie Swain,2020,1,1,1,5.40625,4.407291666666667,4.407291666666667,138.8,31,3,1,5.40625,4.407291666666667,4.407291666666667,138.8,31,3
Ray-Ray McCloud,2018,1,1,1,4.871428571428572,3.9902597402597406,3.0887445887445892,111.4,32,3,1,4.871428571428572,4.510714285714286,4.364285714285715,198.0,53,5
Reggie Roberson,2022,1,0,0,0.0,0.0,0.0,0.0,0,0,0,0.0,0.0,0.0,0.0,0,0
Kolby Listenbee,2016,1,1,0,0.0,0.0,0.0,0.0,0,0,0,0.0,0.0,0.0,0.0,0,0
Tre Nixon,2021,1,1,0,0.0,0.0,0.0,0.0,0,0,0,0.0,0.0,0.0,0.0,0,0
Amba Etta-Tawo,2017,1,1,0,0.0,0.0,0.0,0.0,0,0,0,0.0,0.0,0.0,0.0,0,0
Alex Wesley,2019,1,1,0,0.0,0.0,0.0,0.0,0,0,0,0.0,0.0,0.0,0.0,0,0
Isaiah Weston,2022,1,0,0,0.0,0.0,0.0,0.0,0,0,0,0.0,0.0,0.0,0.0,0,0
Racey McMath,2021,1,1,1,1.6,0.88,0.88,7.2,9,2,1,1.6,0.88,0.88,7.2,9,2
K.J. Hill,2020,1,1,1,2.8600000000000003,2.8600000000000003,2.8600000000000003,20.3,6,2,1,2.8600000000000003,2.8600000000000003,2.8600000000000003,20.3,6,2
Byron Pringle,2018,1,1,1,8.05,7.441666666666666,6.905555555555555,204.8,28,3,1,8.05,7.441666666666666,6.905555555555555,270.40000000000003,48,5
Javon Wims,2018,1,1,1,3.872727272727273,2.880808080808081,2.880808080808081,66.80000000000001,22,3,1,3.872727272727273,2.880808080808081,2.880808080808081,66.80000000000001,22,3
Montrell Washington,2022,1,0,1,0.8,0.8,0.8,7.2,9,1,1,0.8,0.8,0.8,7.2,9,1
Marcell Ateman,2018,1,1,1,6.066666666666666,4.858333333333333,4.858333333333333,51.0,10,2,1,6.066666666666666,4.858333333333333,4.858333333333333,51.0,10,2
Kaelin Clay,2015,1,1,1,2.1090909090909093,2.1090909090909093,2.1090909090909093,29.200000000000003,12,2,1,2.1090909090909093,2.1090909090909093,2.1090909090909093,29.200000000000003,12,2
Charone Peake,2016,1,1,1,3.4181818181818184,3.4181818181818184,3.4181818181818184,43.4,15,3,1,3.4181818181818184,3.4181818181818184,3.4181818181818184,43.4,15,3
Dylan Cantrell,2018,1,1,0,0.0,0.0,0.0,0.0,0,0,0,0.0,0.0,0.0,0.0,0,0
Omar Bayless,2020,1,1,0,0.0,0.0,0.0,0.0,0,0,0,0.0,0.0,0.0,0.0,0,0
Michael Rector,2017,1,1,0,0.0,0.0,0.0,0.0,0,0,0,0.0,0.0,0.0,0.0,0,0
Tyre Brady,2019,1,1,0,0.0,0.0,0.0,0.0,0,0,0,0.0,0.0,0.0,0.0,0,0
Speedy Noil,2017,1,1,0,0.0,0.0,0.0,0.0,0,0,0,0.0,0.0,0.0,0.0,0,0
Alonzo Russell,2016,1,1,0,0.0,0.0,0.0,0.0,0,0,0,0.0,0.0,0.0,0.0,0,0
Marquez North,2016,1,1,0,0.0,0.0,0.0,0.0,0,0,0,0.0,0.0,0.0,0.0,0,0
Adam Humphries,2015,1,1,1,8.866666666666667,8.455208333333333,7.424684343434343,320.7,42,3,1,11.79375,10.330208333333333,9.568055555555555,595.9,70,5
Dontario Drummond,2022,1,0,0,0.0,0.0,0.0,0.0,0,0,0,0.0,0.0,0.0,0.0,0,0
Trishton Jackson,2020,1,1,1,0.0,0.0,0.0,4.9,2,1,1,0.0,0.0,0.0,4.9,2,1
Greg Ward,2017,1,1,1,9.983333333333333,9.151041666666666,7.747361111111111,227.57999999999998,29,3,1,9.983333333333333,9.151041666666666,7.747361111111111,227.57999999999998,29,3
Trevon Grimes,2021,1,1,0,0.0,0.0,0.0,0.0,0,0,0,0.0,0.0,0.0,0.0,0,0
Davon Grayson,2018,1,1,0,0.0,0.0,0.0,0.0,0,0,0,0.0,0.0,0.0,0.0,0,0
Brennan Eagles,2021,1,1,0,0.0,0.0,0.0,0.0,0,0,0,0.0,0.0,0.0,0.0,0,0
Kendrick Rogers,2020,1,1,0,0.0,0.0,0.0,0.0,0,0,0,0.0,0.0,0.0,0.0,0,0
Slade Bolden,2022,1,0,0,0.0,0.0,0.0,0.0,0,0,0,0.0,0.0,0.0,0.0,0,0
Devon Williams,2022,1,0,0,0.0,0.0,0.0,0.0,0,0,0,0.0,0.0,0.0,0.0,0,0
Chris Lacy,2018,1,1,1,0.0,0.0,0.0,9.0,4,2,1,0.0,0.0,0.0,9.0,4,2
Johnny Holton,2016,1,1,1,6.3999999999999995,3.8416666666666663,3.8416666666666663,52.5,14,3,1,6.3999999999999995,3.8416666666666663,2.8111111111111113,58.5,22,4
Byron Marshall,2016,1,1,1,1.975,1.975,1.975,31.1,9,3,1,1.975,1.975,1.975,31.1,9,3
Mekale McKay,2016,1,1,0,0.0,0.0,0.0,0.0,0,0,0,0.0,0.0,0.0,0.0,0,0
Javon McKinley,2021,1,1,0,0.0,0.0,0.0,0.0,0,0,0,0.0,0.0,0.0,0.0,0,0
Tony Brown,2020,1,1,0,0.0,0.0,0.0,0.0,0,0,0,0.0,0.0,0.0,0.0,0,0
Bralon Addison,2016,1,1,1,0.0,0.0,0.0,2.5,1,1,1,0.0,0.0,0.0,2.5,1,1
Cam Worthy,2015,1,1,0,0.0,0.0,0.0,0.0,0,0,0,0.0,0.0,0.0,0.0,0,0
Keon Hatcher,2017,1,1,1,0.0,0.0,0.0,1.8,1,1,1,0.0,0.0,0.0,1.8,1,1
Robert Foster,2018,1,1,1,9.009090909090908,5.119545454545454,5.119545454545454,117.1,24,3,1,9.009090909090908,5.119545454545454,5.119545454545454,117.1,24,3
Stephen Guidry,2020,1,1,0,0.0,0.0,0.0,0.0,0,0,0,0.0,0.0,0.0,0.0,0,0
Darrell Stewart,2020,1,1,0,0.0,0.0,0.0,0.0,0,0,0,0.0,0.0,0.0,0.0,0,0
Steven Mitchell,2018,1,1,1,0.0,0.0,0.0,16.7,5,2,1,0.0,0.0,0.0,16.7,5,2
Tim Jones,2021,1,1,1,2.1444444444444444,1.8222222222222222,1.8222222222222222,32.4,16,3,1,2.1444444444444444,1.8222222222222222,1.8222222222222222,34.9,18,4
Quincy Adeboyejo,2017,1,1,0,0.0,0.0,0.0,0.0,0,0,0,0.0,0.0,0.0,0.0,0,0
Jeff Thomas,2020,1,1,0,0.0,0.0,0.0,0.0,0,0,0,0.0,0.0,0.0,0.0,0,0
Juwan Johnson,2020,1,1,1,8.425,6.416666666666668,4.804444444444445,195.60000000000002,33,3,1,8.425,8.305833333333332,8.044914529914529,416.20000000000005,61,5
Austin Mack,2020,1,1,1,3.2199999999999998,3.2199999999999998,3.2199999999999998,16.099999999999998,5,1,1,3.2199999999999998,3.2199999999999998,3.2199999999999998,16.099999999999998,5,1
Binjimen Victor,2020,1,1,0,0.0,0.0,0.0,0.0,0,0,0,0.0,0.0,0.0,0.0,0,0
Lawrence Cager,2020,1,1,1,5.133333333333334,5.133333333333334,5.133333333333334,49.9,11,3,1,5.133333333333334,5.133333333333334,5.133333333333334,49.9,11,3
Quadree Henderson,2018,1,1,0,0.0,0.0,0.0,0.0,0,0,0,0.0,0.0,0.0,0.0,0,0
Travin Dural,2017,1,1,0,0.0,0.0,0.0,0.0,0,0,0,0.0,0.0,0.0,0.0,0,0
DeAndrew White,2015,1,1,1,0.0,0.0,0.0,16.299999999999997,6,3,1,0.0,0.0,0.0,16.299999999999997,6,3
Chris Jones,2015,1,1,0,0.0,0.0,0.0,0.0,0,0,0,0.0,0.0,0.0,0.0,0,0
Antwan Goodley,2015,1,1,0,0.0,0.0,0.0,0.0,0,0,0,0.0,0.0,0.0,0.0,0,0
Cayleb Jones,2016,1,1,0,0.0,0.0,0.0,0.0,0,0,0,0.0,0.0,0.0,0.0,0,0
Rashawn Scott,2016,1,1,0,0.0,0.0,0.0,0.0,0,0,0,0.0,0.0,0.0,0.0,0,0
Darreus Rogers,2017,1,1,0,0.0,0.0,0.0,0.0,0,0,0,0.0,0.0,0.0,0.0,0,0
Kermit Whitfield,2017,1,1,0,0.0,0.0,0.0,0.0,0,0,0,0.0,0.0,0.0,0.0,0,0
Ka'Raun White,2018,1,1,0,0.0,0.0,0.0,0.0,0,0,0,0.0,0.0,0.0,0.0,0,0
Johnnie Dixon,2019,1,1,0,0.0,0.0,0.0,0.0,0,0,0,0.0,0.0,0.0,0.0,0,0
Jamal Custis,2019,1,1,0,0.0,0.0,0.0,0.0,0,0,0,0.0,0.0,0.0,0.0,0,0
Chris Finke,2020,1,1,0,0.0,0.0,0.0,0.0,0,0,0,0.0,0.0,0.0,0.0,0,0
Charleston Rambo,2022,1,0,0,0.0,0.0,0.0,0.0,0,0,0,0.0,0.0,0.0,0.0,0,0
Braylon Sanders,2022,1,0,1,0.0,0.0,0.0,1.7,2,1,1,0.0,0.0,0.0,1.7,2,1
Jadon Haselwood,2023,1,0,0,0.0,0.0,0.0,0.0,0,0,0,0.0,0.0,0.0,0.0,0,0
Matt Landers,2023,1,0,0,0.0,0.0,0.0,0.0,0,0,0,0.0,0.0,0.0,0.0,0,0
Zay Flowers,2023,1,0,1,14.311764705882354,13.605882352941176,13.178431372549019,659.2,50,3,1,14.311764705882354,13.605882352941176,13.178431372549019,659.2,50,3
Puka Nacua,2023,1,0,1,23.4375,21.10965909090909,19.92604723707665,880.1,44,3,1,23.4375,21.10965909090909,19.92604723707665,880.1,44,3
Grant Dubose,2023,1,0,1,0.0,0.0,0.0,3.0999999999999996,2,1,1,0.0,0.0,0.0,3.0999999999999996,2,1
Tyler Scott,2023,1,0,1,2.7615384615384615,2.7615384615384615,2.7615384615384615,37.4,14,2,1,2.7615384615384615,2.7615384615384615,2.7615384615384615,37.4,14,2
Tre Tucker,2023,1,0,1,9.511764705882353,8.558823529411764,7.546907993966816,362.8,47,3,1,9.511764705882353,8.558823529411764,7.546907993966816,362.8,47,3
Joseph Ngata,2023,1,0,0,0.0,0.0,0.0,0.0,0,0,0,0.0,0.0,0.0,0.0,0,0
CJ Johnson,2023,1,0,0,0.0,0.0,0.0,0.0,0,0,0,0.0,0.0,0.0,0.0,0,0
Justin Shorter,2023,1,0,1,0.0,0.0,0.0,0.0,3,1,1,0.0,0.0,0.0,0.0,3,1
Kearis Jackson,2023,1,0,0,0.0,0.0,0.0,0.0,0,0,0,0.0,0.0,0.0,0.0,0,0
Tank Dell,2023,1,0,1,16.5,13.25,13.25,305.0,24,2,1,16.5,13.25,13.25,305.0,24,2
Xavier Hutchinson,2023,1,0,1,6.125,4.057954545454545,3.2695887445887446,143.6,41,3,1,6.125,4.057954545454545,3.2695887445887446,143.6,41,3
Malik Knowles,2023,1,0,0,0.0,0.0,0.0,0.0,0,0,0,0.0,0.0,0.0,0.0,0,0
DeMario Douglas,2023,1,0,1,9.23125,8.444196428571429,7.625297619047619,350.7,46,3,1,9.23125,8.444196428571429,7.625297619047619,350.7,46,3
Michael Jefferson,2023,1,0,0,0.0,0.0,0.0,0.0,0,0,0,0.0,0.0,0.0,0.0,0,0
Kayshon Boutte,2023,1,0,1,8.864285714285714,8.49547619047619,8.49547619047619,249.9,32,3,1,8.864285714285714,8.49547619047619,8.49547619047619,249.9,32,3
Jaray Jenkins,2023,1,0,0,0.0,0.0,0.0,0.0,0,0,0,0.0,0.0,0.0,0.0,0,0
Jacob Copeland,2023,1,0,0,0.0,0.0,0.0,0.0,0,0,0,0.0,0.0,0.0,0.0,0,0
Dontay Demus Jr.,2023,1,0,0,0.0,0.0,0.0,0.0,0,0,0,0.0,0.0,0.0,0.0,0,0
Rakim Jarrett,2023,1,0,1,3.566666666666667,2.6166666666666667,2.6166666666666667,31.400000000000002,12,2,1,3.566666666666667,2.6166666666666667,2.6166666666666667,31.400000000000002,12,2
Ronnie Bell,2023,1,0,1,3.85,3.85,3.85,45.3,13,3,1,3.85,3.85,3.85,45.3,13,3
Jayden Reed,2023,1,0,1,13.575,12.581617647058824,11.621078431372547,462.7,38,3,1,13.575,12.581617647058824,11.621078431372547,462.7,38,3
Malik Heath,2023,1,0,1,6.34,4.565833333333333,3.7391269841269836,79.8,24,3,1,6.34,4.565833333333333,3.7391269841269836,79.8,24,3
Jonathan Mingo,2023,1,0,1,5.653333333333333,3.9766666666666666,2.884444444444444,120.5,34,3,1,5.653333333333333,3.9766666666666666,2.884444444444444,120.5,34,3
Trey Palmer,2023,1,0,1,5.629411764705883,4.574705882352942,4.574705882352942,130.9,27,2,1,5.629411764705883,4.574705882352942,4.574705882352942,130.9,27,2
Josh Downs,2023,1,0,1,13.014285714285714,11.127731092436974,10.301820728291316,477.69999999999993,47,3,1,13.014285714285714,11.127731092436974,10.301820728291316,477.69999999999993,47,3
Antoine Green,2023,1,0,1,0.0,0.0,0.0,1.2,2,1,1,0.0,0.0,0.0,1.2,2,1
Jaxon Smith-Njigba,2023,1,0,1,21.170588235294115,18.02647058823529,14.954901960784312,762.7,51,3,1,21.170588235294115,18.02647058823529,14.954901960784312,762.7,51,3
Marvin Mims,2023,1,0,1,8.09375,7.213541666666666,6.469027777777778,299.2,46,3,1,8.09375,7.213541666666666,6.469027777777778,299.2,46,3
Mitchell Tinsley,2023,1,0,1,3.95,3.95,3.95,31.6,8,1,1,3.95,3.95,3.95,31.6,8,1
Parker Washington,2023,1,0,1,11.54375,9.502644230769231,8.512873931623933,320.9,35,3,1,11.54375,9.502644230769231,8.512873931623933,320.9,35,3
Andrei Iosivas,2023,1,0,1,7.052941176470589,6.523137254901961,6.222832244008715,260.4,41,3,1,7.052941176470589,6.523137254901961,6.222832244008715,260.4,41,3
Charlie Jones,2023,1,0,1,4.14,2.2842857142857143,2.2842857142857143,34.2,21,3,1,4.14,2.2842857142857143,2.2842857142857143,34.2,21,3
Rashee Rice,2023,1,0,1,18.7625,16.021875,16.021875,427.5,27,3,1,18.7625,16.021875,16.021875,427.5,27,3
Jalen Wayne,2023,1,0,0,0.0,0.0,0.0,0.0,0,0,0,0.0,0.0,0.0,0.0,0,0
Jalen Brooks,2023,1,0,1,2.9749999999999996,2.2975,2.2975,56.199999999999996,20,3,1,2.9749999999999996,2.2975,2.2975,56.199999999999996,20,3
Jason Brownlee,2023,1,0,1,4.15,4.15,4.15,16.6,7,2,1,4.15,4.15,4.15,16.6,7,2
Elijah Higgins,2023,1,0,1,4.033333333333333,3.7738095238095237,3.6550887021475256,143.6,40,3,1,4.033333333333333,3.7738095238095237,3.6550887021475256,143.6,40,3
Michael Wilson,2023,1,0,1,12.976470588235294,10.8920814479638,9.855137631975866,459.6,46,3,1,12.976470588235294,10.8920814479638,9.855137631975866,459.6,46,3
Derius Davis,2023,1,0,1,3.6454545454545455,3.1691558441558443,2.218831168831169,81.30000000000001,36,3,1,3.6454545454545455,3.1691558441558443,2.218831168831169,81.30000000000001,36,3
Quentin Johnston,2023,1,0,1,13.169230769230769,12.407948717948718,10.115103066867773,439.90000000000003,45,3,1,13.169230769230769,12.407948717948718,10.115103066867773,439.90000000000003,45,3
Jalin Hyatt,2023,1,0,1,4.638461538461538,3.029230769230769,2.4917094017094015,83.0,29,3,1,4.638461538461538,3.029230769230769,2.4917094017094015,83.0,29,3
Cedric Tillman,2023,1,0,1,8.933333333333334,6.966666666666667,5.983838383838385,184.60000000000002,32,3,1,8.933333333333334,6.966666666666667,5.983838383838385,184.60000000000002,32,3
Jake Bobo,2023,1,0,1,4.064285714285715,3.382142857142857,2.5214285714285714,90.60000000000001,30,3,1,4.064285714285715,3.382142857142857,2.5214285714285714,90.60000000000001,30,3
Jordan Addison,2023,1,0,1,14.166666666666666,13.592156862745098,12.278104575163399,568.9,46,3,1,14.166666666666666,13.592156862745098,12.278104575163399,568.9,46,3
Colton Dowell,2023,1,0,1,0.0,0.0,0.0,1.3,2,1,1,0.0,0.0,0.0,1.3,2,1
Dontayvion Wicks,2023,1,0,1,7.983999999999999,7.241999999999999,6.771589743589743,306.06,45,3,1,7.983999999999999,7.241999999999999,6.771589743589743,306.06,45,3
A.T. Perry,2023,1,0,1,7.575,7.575,7.575,60.6,8,1,1,7.575,7.575,7.575,60.6,8,1
Jermaine Burton,2024,0,0,1,3.675,3.675,3.675,14.7,4,1,1,3.675,3.675,3.675,14.7,4,1
Tejhaun Palmer,2024,0,0,0,0.0,0.0,0.0,0.0,0,0,0,0.0,0.0,0.0,0.0,0,0
Jacob Cowing,2024,0,0,1,0.0,0.0,0.0,12.7,3,1,1,0.0,0.0,0.0,12.7,3,1
Javon Baker,2024,0,0,1,0.55,0.55,0.55,2.2,4,1,1,0.55,0.55,0.55,2.2,4,1
Xavier Weaver,2024,0,0,1,1.957142857142857,1.957142857142857,1.957142857142857,13.7,9,2,1,1.957142857142857,1.957142857142857,1.957142857142857,13.7,9,2
Efton Chism III,2024,0,0,1,2.0625,2.0625,2.0625,16.5,8,1,1,2.0625,2.0625,2.0625,16.5,8,1
Keon Coleman,2024,0,0,1,8.576923076923077,8.555128205128206,8.555128205128206,213.9,25,2,1,8.576923076923077,8.555128205128206,8.555128205128206,213.9,25,2
Ricky Pearsall,2024,0,0,1,9.844444444444443,9.597222222222221,9.597222222222221,182.1,19,2,1,9.844444444444443,9.597222222222221,9.597222222222221,182.1,19,2
Johnny Wilson,2024,0,0,1,1.6444444444444446,1.6444444444444446,1.6444444444444446,14.8,9,1,1,1.6444444444444446,1.6444444444444446,1.6444444444444446,14.8,9,1
Ladd McConkey,2024,0,0,1,15.05625,13.18125,13.18125,421.8,32,2,1,15.05625,13.18125,13.18125,421.8,32,2
Jalen Coker,2024,0,0,1,8.414545454545454,8.316363636363636,8.316363636363636,182.96,22,2,1,8.414545454545454,8.316363636363636,8.316363636363636,182.96,22,2
Casey Washington,2024,0,0,1,3.08,3.08,3.08,17.8,7,2,1,3.08,3.08,3.08,17.8,7,2
Isaiah Williams,2024,0,0,1,4.046666666666667,4.046666666666667,4.046666666666667,63.300000000000004,16,2,1,4.046666666666667,4.046666666666667,4.046666666666667,63.300000000000004,16,2
Tayvion Robinson,2024,0,0,0,0.0,0.0,0.0,0.0,0,0,0,0.0,0.0,0.0,0.0,0,0
Jamari Thrash,2024,0,0,1,2.5875,1.7270833333333333,1.7270833333333333,25.9,14,2,1,2.5875,1.7270833333333333,1.7270833333333333,25.9,14,2
Kyren Lacy,2024,0,0,0,0.0,0.0,0.0,0.0,0,0,0,0.0,0.0,0.0,0.0,0,0
Malik Nabers,2024,0,0,1,18.240000000000002,16.2575,16.2575,330.70000000000005,19,2,1,18.240000000000002,16.2575,16.2575,330.70000000000005,19,2
Brian Thomas,2024,0,0,1,16.705882352941178,13.310084033613446,13.310084033613446,422.8,31,2,1,16.705882352941178,13.310084033613446,13.310084033613446,422.8,31,2
Cornelius Johnson,2024,0,0,0,0.0,0.0,0.0,0.0,0,0,0,0.0,0.0,0.0,0.0,0,0
Roman Wilson,2024,0,0,1,4.288888888888889,4.288888888888889,4.288888888888889,38.6,9,1,1,4.288888888888889,4.288888888888889,4.288888888888889,38.6,9,1
Lideatrick Griffin,2024,0,0,0,0.0,0.0,0.0,0.0,0,0,0,0.0,0.0,0.0,0.0,0,0
Junior Bergen,2024,0,0,0,0.0,0.0,0.0,0.0,0,0,0,0.0,0.0,0.0,0.0,0,0
Devontez Walker,2024,0,0,1,4.7,4.7,4.7,46.7,10,2,1,4.7,4.7,4.7,46.7,10,2
Marvin Harrison Jr.,2024,0,0,1,11.558823529411764,11.104411764705883,11.104411764705883,324.3,29,2,1,11.558823529411764,11.104411764705883,11.104411764705883,324.3,29,2
Troy Franklin,2024,0,0,1,10.41764705882353,7.305698529411765,7.305698529411765,244.2,33,2,1,10.41764705882353,7.305698529411765,7.305698529411765,244.2,33,2
Anthony Gould,2024,0,0,1,0.23636363636363636,0.23636363636363636,0.23636363636363636,5.9,12,2,1,0.23636363636363636,0.23636363636363636,0.23636363636363636,5.9,12,2
Julian Fleming,2024,0,0,0,0.0,0.0,0.0,0.0,0,0,0,0.0,0.0,0.0,0.0,0,0
Bub Means,2024,0,0,1,6.7,6.7,6.7,26.8,4,1,1,6.7,6.7,6.7,26.8,4,1
Luke McCaffrey,2024,0,0,1,5.699999999999999,4.3,4.3,86.1,21,2,1,5.699999999999999,4.3,4.3,86.1,21,2
Ryan Flournoy,2024,0,0,1,7.6,5.1,5.1,132.2,22,2,1,7.6,5.1,5.1,132.2,22,2
Xavier Legette,2024,0,0,1,8.34,7.1466666666666665,7.1466666666666665,214.4,30,2,1,8.34,7.1466666666666665,7.1466666666666665,214.4,30,2
Jackson Meeks,2024,0,0,0,0.0,0.0,0.0,0.0,0,0,0,0.0,0.0,0.0,0.0,0,0
Ainias Smith,2024,0,0,1,0.0,0.0,0.0,17.7,3,1,1,0.0,0.0,0.0,17.7,3,1
Adonai Mitchell,2024,0,0,1,5.4937499999999995,4.328051470588235,4.328051470588235,141.66,33,2,1,5.4937499999999995,4.328051470588235,4.328051470588235,141.66,33,2
Jordan Whittington,2024,0,0,1,8.75,5.585,5.585,88.8,21,2,1,8.75,5.585,5.585,88.8,21,2
Xavier Worthy,2024,0,0,1,11.7,9.775,9.775,297.1,30,2,1,11.7,9.775,9.775,297.1,30,2
Jha'Quan Jackson,2024,0,0,1,0.0,0.0,0.0,1.3,2,1,1,0.0,0.0,0.0,1.3,2,1
Brenden Rice,2024,0,0,0,0.0,0.0,0.0,0.0,0,0,0,0.0,0.0,0.0,0.0,0,0
Tahj Washington,2024,0,0,1,0.0,0.0,0.0,4.699999999999999,2,1,1,0.0,0.0,0.0,4.699999999999999,2,1
Devaughn Vele,2024,0,0,1,8.192307692307692,7.7794871794871785,7.7794871794871785,172.8,22,2,1,8.192307692307692,7.7794871794871785,7.7794871794871785,172.8,22,2
Malik Washington,2024,0,0,1,6.864705882352942,5.799019607843137,5.799019607843137,173.5,29,2,1,6.864705882352942,5.799019607843137,5.799019607843137,173.5,29,2
Jalen McMillan,2024,0,0,1,10.415384615384616,8.945192307692308,8.945192307692308,165.3,17,2,1,10.415384615384616,8.945192307692308,8.945192307692308,165.3,17,2
Rome Odunze,2024,0,0,1,12.174999999999999,10.349264705882351,10.349264705882351,291.0,29,2,1,12.174999999999999,10.349264705882351,10.349264705882351,291.0,29,2
Ja'Lynn Polk,2024,0,0,1,2.515384615384615,2.515384615384615,2.515384615384615,32.699999999999996,13,1,1,2.515384615384615,2.515384615384615,2.515384615384615,32.699999999999996,13,1
Malachi Corley,2024,0,0,1,2.6333333333333333,2.0366666666666666,2.0366666666666666,38.800000000000004,17,2,1,2.6333333333333333,2.0366666666666666,2.0366666666666666,38.800000000000004,17,2
Tetairoa McMillan,2025,0,0,1,12.552941176470588,12.552941176470588,12.552941176470588,213.4,17,1,1,12.552941176470588,12.552941176470588,12.552941176470588,213.4,17,1
Andrew Armstrong,2025,0,0,0,0.0,0.0,0.0,0.0,0,0,0,0.0,0.0,0.0,0.0,0,0
Isaac TeSlaa,2025,0,0,1,5.421428571428572,5.421428571428572,5.421428571428572,75.9,14,1,1,5.421428571428572,5.421428571428572,5.421428571428572,75.9,14,1
KeAndre Lambert-Smith,2025,0,0,1,1.61,1.61,1.61,16.1,10,1,1,1.61,1.61,1.61,16.1,10,1
Kobe Hudson,2025,0,0,0,0.0,0.0,0.0,0.0,0,0,0,0.0,0.0,0.0,0.0,0,0
Jimmy Horn,2025,0,0,1,2.87,2.87,2.87,28.7,10,1,1,2.87,2.87,2.87,28.7,10,1
Tory Horton,2025,0,0,1,8.1375,8.1375,8.1375,65.1,8,1,1,8.1375,8.1375,8.1375,65.1,8,1
Travis Hunter,2025,0,0,0,0.0,0.0,0.0,0.0,0,0,0,0.0,0.0,0.0,0.0,0,0
Will Sheppard,2025,0,0,0,0.0,0.0,0.0,0.0,0,0,0,0.0,0.0,0.0,0.0,0,0
LaJohntay Wester,2025,0,0,1,0.0,0.0,0.0,0.0,14,1,1,0.0,0.0,0.0,0.0,14,1
Elijhah Badger,2025,0,0,0,0.0,0.0,0.0,0.0,0,0,0,0.0,0.0,0.0,0.0,0,0
Chimere Dike,2025,0,0,1,7.535294117647059,7.535294117647059,7.535294117647059,128.1,17,1,1,7.535294117647059,7.535294117647059,7.535294117647059,128.1,17,1
Dominic Lovett,2025,0,0,1,0.0,0.0,0.0,0.0,2,1,1,0.0,0.0,0.0,0.0,2,1
Arian Smith,2025,0,0,1,1.0384615384615385,1.0384615384615385,1.0384615384615385,13.5,13,1,1,1.0384615384615385,1.0384615384615385,1.0384615384615385,13.5,13,1
Pat Bryant,2025,0,0,1,5.753846153846154,5.753846153846154,5.753846153846154,74.8,13,1,1,5.753846153846154,5.753846153846154,5.753846153846154,74.8,13,1
Jayden Higgins,2025,0,0,1,7.617647058823529,7.617647058823529,7.617647058823529,129.5,17,1,1,7.617647058823529,7.617647058823529,7.617647058823529,129.5,17,1
Jaylin Noel,2025,0,0,1,4.023529411764706,4.023529411764706,4.023529411764706,68.4,17,1,1,4.023529411764706,4.023529411764706,4.023529411764706,68.4,17,1
Ja'Corey Brooks,2025,0,0,0,0.0,0.0,0.0,0.0,0,0,0,0.0,0.0,0.0,0.0,0,0
Tai Felton,2025,0,0,1,0.4583333333333333,0.4583333333333333,0.4583333333333333,5.5,12,1,1,0.4583333333333333,0.4583333333333333,0.4583333333333333,5.5,12,1
Kaden Prather,2025,0,0,0,0.0,0.0,0.0,0.0,0,0,0,0.0,0.0,0.0,0.0,0,0
Roc Taylor,2025,0,0,0,0.0,0.0,0.0,0.0,0,0,0,0.0,0.0,0.0,0.0,0,0
Sam Brown Jr.,2025,0,0,0,0.0,0.0,0.0,0.0,0,0,0,0.0,0.0,0.0,0.0,0,0
Jacolby George,2025,0,0,0,0.0,0.0,0.0,0.0,0,0,0,0.0,0.0,0.0,0.0,0,0
Xavier Restrepo,2025,0,0,1,0.0,0.0,0.0,7.1,2,1,1,0.0,0.0,0.0,7.1,2,1
Daniel Jackson,2025,0,0,0,0.0,0.0,0.0,0.0,0,0,0,0.0,0.0,0.0,0.0,0,0
Tre Harris,2025,0,0,1,4.3375,4.3375,4.3375,69.4,16,1,1,4.3375,4.3375,4.3375,69.4,16,1
Jordan Watkins,2025,0,0,1,0.0,0.0,0.0,4.6,2,1,1,0.0,0.0,0.0,4.6,2,1
Antwane Wells Jr.,2025,0,0,0,0.0,0.0,0.0,0.0,0,0,0,0.0,0.0,0.0,0.0,0,0
Luther Burden,2025,0,0,1,8.526666666666667,8.526666666666667,8.526666666666667,127.9,15,1,1,8.526666666666667,8.526666666666667,8.526666666666667,127.9,15,1
Theo Wease,2025,0,0,1,0.0,0.0,0.0,25.9,3,1,1,0.0,0.0,0.0,25.9,3,1
Junior Bergen,2025,0,0,0,0.0,0.0,0.0,0.0,0,0,0,0.0,0.0,0.0,0.0,0,0
Isaiah Neyor,2025,0,0,0,0.0,0.0,0.0,0.0,0,0,0,0.0,0.0,0.0,0.0,0,0
Beaux Collins,2025,0,0,1,1.125,1.125,1.125,4.5,4,1,1,1.125,1.125,1.125,4.5,4,1
Emeka Egbuka,2025,0,0,1,11.511764705882353,11.511764705882353,11.511764705882353,195.7,17,1,1,11.511764705882353,11.511764705882353,11.511764705882353,195.7,17,1
Traeshon Holden,2025,0,0,0,0.0,0.0,0.0,0.0,0,0,0,0.0,0.0,0.0,0.0,0,0
Tez Johnson,2025,0,0,1,6.16,6.16,6.16,92.4,15,1,1,6.16,6.16,6.16,92.4,15,1
Konata Mumpfield,2025,0,0,1,2.52,2.52,2.52,25.2,10,1,1,2.52,2.52,2.52,25.2,10,1
Nick Nash,2025,0,0,0,0.0,0.0,0.0,0.0,0,0,0,0.0,0.0,0.0,0.0,0,0
Elic Ayomanor,2025,0,0,1,7.28125,7.28125,7.28125,116.5,16,1,1,7.28125,7.28125,7.28125,116.5,16,1
Jack Bech,2025,0,0,1,3.0285714285714285,3.0285714285714285,3.0285714285714285,42.4,14,1,1,3.0285714285714285,3.0285714285714285,3.0285714285714285,42.4,14,1
Savion Williams,2025,0,0,1,2.125,2.125,2.125,25.5,12,1,1,2.125,2.125,2.125,25.5,12,1
Bru McCoy,2025,0,0,0,0.0,0.0,0.0,0.0,0,0,0,0.0,0.0,0.0,0.0,0,0
Dont'e Thornton,2025,0,0,1,2.1363636363636362,2.1363636363636362,2.1363636363636362,23.5,11,1,1,2.1363636363636362,2.1363636363636362,2.1363636363636362,23.5,11,1
Josh Kelly,2025,0,0,0,0.0,0.0,0.0,0.0,0,0,0,0.0,0.0,0.0,0.0,0,0
Isaiah Bond,2025,0,0,1,3.646666666666667,3.646666666666667,3.646666666666667,54.7,15,1,1,3.646666666666667,3.646666666666667,3.646666666666667,54.7,15,1
Matthew Golden,2025,0,0,1,5.0,5.0,5.0,70.0,14,1,1,5.0,5.0,5.0,70.0,14,1
Ricky White,2025,0,0,0,0.0,0.0,0.0,0.0,0,0,0,0.0,0.0,0.0,0.0,0,0
Jalen Royals,2025,0,0,1,0.0,0.0,0.0,2.4,2,1,1,0.0,0.0,0.0,2.4,2,1
Da'Quan Felton,2025,0,0,0,0.0,0.0,0.0,0.0,0,0,0,0.0,0.0,0.0,0.0,0,0
Jaylin Lane,2025,0,0,1,3.4133333333333336,3.4133333333333336,3.4133333333333336,51.2,15,1,1,3.4133333333333336,3.4133333333333336,3.4133333333333336,51.2,15,1
Kyle Williams,2025,0,0,1,3.5142857142857147,3.5142857142857147,3.5142857142857147,49.2,14,1,1,3.5142857142857147,3.5142857142857147,3.5142857142857147,49.2,14,1
Germie Bernard,2026,0,0,0,0.0,0.0,0.0,0.0,0,0,0,0.0,0.0,0.0,0.0,0,0
Jordyn Tyson,2026,0,0,0,0.0,0.0,0.0,0.0,0,0,0,0.0,0.0,0.0,0.0,0,0
Josh Cameron,2026,0,0,0,0.0,0.0,0.0,0.0,0,0,0,0.0,0.0,0.0,0.0,0,0
Lewis Bond,2026,0,0,0,0.0,0.0,0.0,0.0,0,0,0,0.0,0.0,0.0,0.0,0,0
Chase Roberts,2026,0,0,0,0.0,0.0,0.0,0.0,0,0,0,0.0,0.0,0.0,0.0,0,0
Cyrus Allen,2026,0,0,0,0.0,0.0,0.0,0.0,0,0,0,0.0,0.0,0.0,0.0,0,0
Jeff Caldwell,2026,0,0,0,0.0,0.0,0.0,0.0,0,0,0,0.0,0.0,0.0,0.0,0,0
Antonio Williams,2026,0,0,0,0.0,0.0,0.0,0.0,0,0,0,0.0,0.0,0.0,0.0,0,0
Skyler Bell,2026,0,0,0,0.0,0.0,0.0,0.0,0,0,0,0.0,0.0,0.0,0.0,0,0
Anthony Smith,2026,0,0,0,0.0,0.0,0.0,0.0,0,0,0,0.0,0.0,0.0,0.0,0,0
J. Michael Sturdivant,2026,0,0,0,0.0,0.0,0.0,0.0,0,0,0,0.0,0.0,0.0,0.0,0,0
Eric Rivers,2026,0,0,0,0.0,0.0,0.0,0.0,0,0,0,0.0,0.0,0.0,0.0,0,0
Dillon Bell,2026,0,0,0,0.0,0.0,0.0,0.0,0,0,0,0.0,0.0,0.0,0.0,0,0
Zachariah Branch,2026,0,0,0,0.0,0.0,0.0,0.0,0,0,0,0.0,0.0,0.0,0.0,0,0
Ted Hurst,2026,0,0,0,0.0,0.0,0.0,0.0,0,0,0,0.0,0.0,0.0,0.0,0,0
Colbie Young,2026,0,0,0,0.0,0.0,0.0,0.0,0,0,0,0.0,0.0,0.0,0.0,0,0
Jalen Walthall,2026,0,0,0,0.0,0.0,0.0,0.0,0,0,0,0.0,0.0,0.0,0.0,0,0
Omar Cooper Jr.,2026,0,0,0,0.0,0.0,0.0,0.0,0,0,0,0.0,0.0,0.0,0.0,0,0
Elijah Sarratt,2026,0,0,0,0.0,0.0,0.0,0.0,0,0,0,0.0,0.0,0.0,0.0,0,0
Kaden Wetjen,2026,0,0,0,0.0,0.0,0.0,0.0,0,0,0,0.0,0.0,0.0,0.0,0,0
Emmanuel Henderson Jr.,2026,0,0,0,0.0,0.0,0.0,0.0,0,0,0,0.0,0.0,0.0,0.0,0,0
Kendrick Law,2026,0,0,0,0.0,0.0,0.0,0.0,0,0,0,0.0,0.0,0.0,0.0,0,0
Chris Bell,2026,0,0,0,0.0,0.0,0.0,0.0,0,0,0,0.0,0.0,0.0,0.0,0,0
Caullin Lacy,2026,0,0,0,0.0,0.0,0.0,0.0,0,0,0,0.0,0.0,0.0,0.0,0,0
Aaron Anderson,2026,0,0,0,0.0,0.0,0.0,0.0,0,0,0,0.0,0.0,0.0,0.0,0,0
Barion Brown,2026,0,0,0,0.0,0.0,0.0,0.0,0,0,0,0.0,0.0,0.0,0.0,0,0
Chris Hilton,2026,0,0,0,0.0,0.0,0.0,0.0,0,0,0,0.0,0.0,0.0,0.0,0,0
Zavion Thomas,2026,0,0,0,0.0,0.0,0.0,0.0,0,0,0,0.0,0.0,0.0,0.0,0,0
CJ Daniels,2026,0,0,0,0.0,0.0,0.0,0.0,0,0,0,0.0,0.0,0.0,0.0,0,0
Donaven McCulley,2026,0,0,0,0.0,0.0,0.0,0.0,0,0,0,0.0,0.0,0.0,0.0,0,0
De'Zhaun Stribling,2026,0,0,0,0.0,0.0,0.0,0.0,0,0,0,0.0,0.0,0.0,0.0,0,0
Brenen Thompson,2026,0,0,0,0.0,0.0,0.0,0.0,0,0,0,0.0,0.0,0.0,0.0,0,0
Harrison Wallace,2026,0,0,0,0.0,0.0,0.0,0.0,0,0,0,0.0,0.0,0.0,0.0,0,0
Kevin Coleman Jr.,2026,0,0,0,0.0,0.0,0.0,0.0,0,0,0,0.0,0.0,0.0,0.0,0,0
Dane Key,2026,0,0,0,0.0,0.0,0.0,0.0,0,0,0,0.0,0.0,0.0,0.0,0,0
Bryce Lance,2026,0,0,0,0.0,0.0,0.0,0.0,0,0,0,0.0,0.0,0.0,0.0,0,0
Malachi Fields,2026,0,0,0,0.0,0.0,0.0,0.0,0,0,0,0.0,0.0,0.0,0.0,0,0
Carnell Tate,2026,0,0,0,0.0,0.0,0.0,0.0,0,0,0,0.0,0.0,0.0,0.0,0,0
Deion Burks,2026,0,0,0,0.0,0.0,0.0,0.0,0,0,0,0.0,0.0,0.0,0.0,0,0
Malik Benson,2026,0,0,0,0.0,0.0,0.0,0.0,0,0,0,0.0,0.0,0.0,0.0,0,0
Trebor Pena,2026,0,0,0,0.0,0.0,0.0,0.0,0,0,0,0.0,0.0,0.0,0.0,0,0
Devonte Ross,2026,0,0,0,0.0,0.0,0.0,0.0,0,0,0,0.0,0.0,0.0,0.0,0,0
DT Sheffield,2026,0,0,0,0.0,0.0,0.0,0.0,0,0,0,0.0,0.0,0.0,0.0,0,0
Jordan Hudson,2026,0,0,0,0.0,0.0,0.0,0.0,0,0,0,0.0,0.0,0.0,0.0,0,0
CJ Williams,2026,0,0,0,0.0,0.0,0.0,0.0,0,0,0,0.0,0.0,0.0,0.0,0,0
Eric McAlister,2026,0,0,0,0.0,0.0,0.0,0.0,0,0,0,0.0,0.0,0.0,0.0,0,0
Chris Brazzell II,2026,0,0,0,0.0,0.0,0.0,0.0,0,0,0,0.0,0.0,0.0,0.0,0,0
KC Concepcion,2026,0,0,0,0.0,0.0,0.0,0.0,0,0,0,0.0,0.0,0.0,0.0,0,0
Caleb Douglas,2026,0,0,0,0.0,0.0,0.0,0.0,0,0,0,0.0,0.0,0.0,0.0,0,0
Reggie Virgil,2026,0,0,0,0.0,0.0,0.0,0.0,0,0,0,0.0,0.0,0.0,0.0,0,0
Ja'Kobi Lane,2026,0,0,0,0.0,0.0,0.0,0.0,0,0,0,0.0,0.0,0.0,0.0,0,0
Makai Lemon,2026,0,0,0,0.0,0.0,0.0,0.0,0,0,0,0.0,0.0,0.0,0.0,0,0
Denzel Boston,2026,0,0,0,0.0,0.0,0.0,0.0,0,0,0,0.0,0.0,0.0,0.0,0,0
Vinny Anthony II,2026,0,0,0,0.0,0.0,0.0,0.0,0,0,0,0.0,0.0,0.0,0.0,0,0
