Player,Year,key,team_tgt_prev,team_ay_prev,vac_tgt,vac_ay,vac_tgt_share,vac_ay_share
Lam Jones,1980,lam jones,,,,,,
Art Monk,1980,art monk,,,,,,
Ralph Clayton,1980,ralph clayton,,,,,,
Kevin House,1980,kevin house,,,,,,
Mike Friede,1980,mike friede,,,,,,
Tim Smith,1980,tim smith,,,,,,
Fred Nixon,1980,fred nixon,,,,,,
Ray Butler,1980,ray butler,,,,,,
Danny Pittman,1980,danny pittman,,,,,,
Elmer Bailey,1980,elmer bailey,,,,,,
Carlos Carson,1980,carlos carson,,,,,,
Bubba Garcia,1980,bubba garcia,,,,,,
Eugene Byrd,1980,eugene byrd,,,,,,
Preston Brown,1980,preston brown,,,,,,
Mike Smith,1980,mike smith,,,,,,
Malcolm Barnwell,1980,malcolm barnwell,,,,,,
Emanuel Tolbert,1980,emanuel tolbert,,,,,,
Nate Johnson,1980,nate johnson,,,,,,
Don Coleman,1980,don coleman,,,,,,
Harold Bailey,1980,harold bailey,,,,,,
DeWayne Jett,1980,dewayne jett,,,,,,
Tom Donovan,1980,tom donovan,,,,,,
Gerald Carter,1980,gerald carter,,,,,,
Lawrence McCullough,1980,lawrence mccullough,,,,,,
Jackie Flowers,1980,jackie flowers,,,,,,
George Farmer,1980,george farmer,,,,,,
Ron McCall,1980,ron mccall,,,,,,
Kenny Brown,1980,kenny brown,,,,,,
Virgil Seay,1980,virgil seay,,,,,,
Billy Reaves,1980,billy reaves,,,,,,
Alton Alexis,1980,alton alexis,,,,,,
Phil Farris,1980,phil farris,,,,,,
Lee Jukes,1980,lee jukes,,,,,,
Eddie Preston,1980,eddie preston,,,,,,
Terry Greer,1980,terry greer,,,,,,
Tyrone Gray,1980,tyrone gray,,,,,,
Calvin Muhammad,1980,calvin muhammad,,,,,,
Wiley Pitts,1980,wiley pitts,,,,,,
Harry Price,1980,harry price,,,,,,
David Verser,1981,david verser,,,,,,
Mark Nichols,1981,mark nichols,,,,,,
Cris Collinsworth,1981,cris collinsworth,,,,,,
Mardye McDole,1981,mardye mcdole,,,,,,
Byron Franklin,1981,byron franklin,,,,,,
Doug Donley,1981,doug donley,,,,,,
John Mistler,1981,john mistler,,,,,,
Ken Margerum,1981,ken margerum,,,,,,
Mike Mosley,1981,mike mosley,,,,,,
Mike Holston,1981,mike holston,,,,,,
Sam Greene,1981,sam greene,,,,,,
Scott Phillips,1981,scott phillips,,,,,,
Steve Rhodes,1981,steve rhodes,,,,,,
Ron Washington,1981,ron washington,,,,,,
Tracy Porter,1981,tracy porter,,,,,,
Robbie Martin,1981,robbie martin,,,,,,
Ricky Martin,1981,ricky martin,,,,,,
Melvin Hoover,1981,melvin hoover,,,,,,
Robert Holt,1981,robert holt,,,,,,
Bobby Duckworth,1981,bobby duckworth,,,,,,
Kevin Williams,1981,kevin williams,,,,,,
Ron Johnson,1981,ron johnson,,,,,,
Ken Toler,1981,ken toler,,,,,,
Lloyd Jones,1981,lloyd jones,,,,,,
Mike Fisher,1981,mike fisher,,,,,,
Charlie Brown,1981,charlie brown,,,,,,
David Dorn,1981,david dorn,,,,,,
John Noonan,1981,john noonan,,,,,,
Jim Whatley,1981,jim whatley,,,,,,
Mike Wilson,1981,mike wilson,,,,,,
James Mallard,1981,james mallard,,,,,,
Jim Joiner,1981,jim joiner,,,,,,
James Murphy,1981,james murphy,,,,,,
Lester Mickens,1981,lester mickens,,,,,,
Jerry Hill,1981,jerry hill,,,,,,
Holden Smith,1981,holden smith,,,,,,
Pat Walker,1981,pat walker,,,,,,
Jim Jensen,1981,jim jensen,,,,,,
Keith Chappelle,1981,keith chappelle,,,,,,
Stacy Charles,1981,stacy charles,,,,,,
Nate Lundy,1981,nate lundy,,,,,,
Anthony Hancock,1982,anthony hancock,,,,,,
Lindsay Scott,1982,lindsay scott,,,,,,
Perry Tuttle,1982,perry tuttle,,,,,,
Mike Quick,1982,mike quick,,,,,,
Orlando McDaniel,1982,orlando mcdaniel,,,,,,
Mark Duper,1982,mark duper,,,,,,
Cedric Jones,1982,cedric jones,,,,,,
Carl Powell,1982,carl powell,,,,,,
Stacey Bailey,1982,stacey bailey,,,,,,
Eugene Goodlow,1982,eugene goodlow,,,,,,
Kenny Duckett,1982,kenny duckett,,,,,,
Dennis Gentry,1982,dennis gentry,,,,,,
Steve Bryant,1982,steve bryant,,,,,,
Dan Plater,1982,dan plater,,,,,,
Andre Tyler,1982,andre tyler,,,,,,
Curt Grieve,1982,curt grieve,,,,,,
Lonell Phea,1982,lonell phea,,,,,,
Victor Simmons,1982,victor simmons,,,,,,
Chester Cooper,1982,chester cooper,,,,,,
Kelvin Murdock,1982,kelvin murdock,,,,,,
Tony Woodruff,1982,tony woodruff,,,,,,
James Bennett,1982,james bennett,,,,,,
Gerald Lucear,1982,gerald lucear,,,,,,
Larry Brodsky,1982,larry brodsky,,,,,,
Ricky Coffman,1982,ricky coffman,,,,,,
Jeff Keller,1982,jeff keller,,,,,,
Willie Turner,1982,willie turner,,,,,,
Edward Lee,1982,edward lee,,,,,,
George Thompson,1982,george thompson,,,,,,
Bob Carter,1982,bob carter,,,,,,
Ron Ingram,1982,ron ingram,,,,,,
Perry Parmelee,1982,perry parmelee,,,,,,
Randy Smith,1982,randy smith,,,,,,
Phil Epps,1982,phil epps,,,,,,
Mike Rodrigue,1982,mike rodrigue,,,,,,
Willie Gault,1983,willie gault,,,,,,
Henry Ellard,1983,henry ellard,,,,,,
Ron Brown,1983,ron brown,,,,,,
Darryal Wilson,1983,darryal wilson,,,,,,
Wayne Capers,1983,wayne capers,,,,,,
Clint Sampson,1983,clint sampson,,,,,,
Glen Young,1983,glen young,,,,,,
Stephen Starring,1983,stephen starring,,,,,,
Jo-Jo Townsell,1983,jojo townsell,,,,,,
Phil Smith,1983,phil smith,,,,,,
Mike Miller,1983,mike miller,,,,,,
Chris Castor,1983,chris castor,,,,,,
Steve Bird,1983,steve bird,,,,,,
Paul Skansi,1983,paul skansi,,,,,,
Otis Grant,1983,otis grant,,,,,,
Dokie Williams,1983,dokie williams,,,,,,
Gregg Garrity,1983,gregg garrity,,,,,,
Trumaine Johnson,1983,trumaine johnson,,,,,,
Victor Oatis,1983,victor oatis,,,,,,
Gene Branton,1983,gene branton,,,,,,
Todd Brown,1983,todd brown,,,,,,
Anthony Allen,1983,anthony allen,,,,,,
Mike Jones,1983,mike jones,,,,,,
Herkie Walls,1983,herkie walls,,,,,,
Jeff Simmons,1983,jeff simmons,,,,,,
Rocky Belk,1983,rocky belk,,,,,,
Mike Martin,1983,mike martin,,,,,,
Mark Clayton,1983,mark clayton,,,,,,
Rod Achter,1983,rod achter,,,,,,
Byron Williams,1983,byron williams,,,,,,
Darius Durham,1983,darius durham,,,,,,
Mervyn Fernandez,1983,mervyn fernandez,,,,,,
Steve Parker,1983,steve parker,,,,,,
Aaron Williams,1983,aaron williams,,,,,,
Mike Harmon,1983,mike harmon,,,,,,
Tim Kearse,1983,tim kearse,,,,,,
Gary Williams,1983,gary williams,,,,,,
Carl Williams,1983,carl williams,,,,,,
Oliver Williams,1983,oliver williams,,,,,,
Frank Magwood,1983,frank magwood,,,,,,
Julius Dawkins,1983,julius dawkins,,,,,,
Anthony Carter,1983,anthony carter,,,,,,
Irving Fryar,1984,irving fryar,,,,,,
Kenny Jackson,1984,kenny jackson,,,,,,
Clyde Duncan,1984,clyde duncan,,,,,,
Louis Lipps,1984,louis lipps,,,,,,
Eric Richardson,1984,eric richardson,,,,,,
Pete Mandley,1984,pete mandley,,,,,,
Daryl Turner,1984,daryl turner,,,,,,
Bruce Davis,1984,bruce davis,,,,,,
Mitchell Brookins,1984,mitchell brookins,,,,,,
Brian Brennan,1984,brian brennan,,,,,,
Weegie Thompson,1984,weegie thompson,,,,,,
Golden Tate,1984,golden tate,,,,,,
Tron Armstrong,1984,tron armstrong,,,,,,
Rufus Stevens,1984,rufus stevens,,,,,,
Dwight Collins,1984,dwight collins,,,,,,
Eric Mullins,1984,eric mullins,,,,,,
Lionel Manuel,1984,lionel manuel,,,,,,
Jesse Bendross,1984,jesse bendross,,,,,,
Derwin Williams,1984,derwin williams,,,,,,
Mark Smith,1984,mark smith,,,,,,
Kevin Baugh,1984,kevin baugh,,,,,,
Brad Anderson,1984,brad anderson,,,,,,
Don Jones,1984,don jones,,,,,,
Keith Kidd,1984,keith kidd,,,,,,
Rich Hollins,1984,rich hollins,,,,,,
Dave Moritz,1984,dave moritz,,,,,,
Tommy Norman,1984,tommy norman,,,,,,
Michael Harper,1984,michael harper,,,,,,
Craig White,1984,craig white,,,,,,
Kirk Pendleton,1984,kirk pendleton,,,,,,
Lawrence Thompson,1984,lawrence thompson,,,,,,
Thad Jemison,1984,thad jemison,,,,,,
Lenny Taylor,1984,lenny taylor,,,,,,
David Roberson,1984,david roberson,,,,,,
Don Holmes,1984,don holmes,,,,,,
Russell Davis,1984,russell davis,,,,,,
Murray Jarman,1984,murray jarman,,,,,,
Maurice Harper,1984,maurice harper,,,,,,
Carl Lewis,1984,carl lewis,,,,,,
Curtland Thomas,1984,curtland thomas,,,,,,
Al Toon,1985,al toon,,,,,,
Eddie Brown,1985,eddie brown,,,,,,
Jerry Rice,1985,jerry rice,,,,,,
Jessie Hester,1985,jessie hester,,,,,,
Vance Johnson,1985,vance johnson,,,,,,
Chris Burkett,1985,chris burkett,,,,,,
Stacy Robinson,1985,stacy robinson,,,,,,
Chuck Scott,1985,chuck scott,,,,,,
James Maness,1985,james maness,,,,,,
Tim Moffett,1985,tim moffett,,,,,,
Danny Greene,1985,danny greene,,,,,,
Buster Rhymes,1985,buster rhymes,,,,,,
Andre Reed,1985,andre reed,,,,,,
Emile Harry,1985,emile harry,,,,,,
Doug Allen,1985,doug allen,,,,,,
Walter Stanley,1985,walter stanley,,,,,,
Gerard Phelan,1985,gerard phelan,,,,,,
Jimmy Teal,1985,jimmy teal,,,,,,
Tracy Henderson,1985,tracy henderson,,,,,,
Tony Smith,1985,tony smith,,,,,,
George Shorthose,1985,george shorthose,,,,,,
Mike Young,1985,mike young,,,,,,
Mike Akiu,1985,mike akiu,,,,,,
James Harbour,1985,james harbour,,,,,,
Reggie Langhorne,1985,reggie langhorne,,,,,,
Karl Powe,1985,karl powe,,,,,,
Eric Martin,1985,eric martin,,,,,,
Mark Pattison,1985,mark pattison,,,,,,
Ricky Nichols,1985,ricky nichols,,,,,,
Fred Banks,1985,fred banks,,,,,,
Phil Freeman,1985,phil freeman,,,,,,
Ira Hillary,1985,ira hillary,,,,,,
Leon Gonzalez,1985,leon gonzalez,,,,,,
Judious Lewis,1985,judious lewis,,,,,,
Steve Tasker,1985,steve tasker,,,,,,
Juan Johnson,1985,juan johnson,,,,,,
Clayton Beauford,1985,clayton beauford,,,,,,
Willie Drewrey,1985,willie drewrey,,,,,,
Gary Rolle,1985,gary rolle,,,,,,
Shane Swanson,1985,shane swanson,,,,,,
Bill Wallace,1985,bill wallace,,,,,,
Mike Sherrard,1986,mike sherrard,,,,,,
Tim McGee,1986,tim mcgee,,,,,,
Ernest Givins,1986,ernest givins,,,,,,
Webster Slaughter,1986,webster slaughter,,,,,,
Walter Murray,1986,walter murray,,,,,,
John Taylor,1986,john taylor,,,,,,
David Williams,1986,david williams,,,,,,
Bill Brooks,1986,bill brooks,,,,,,
Kelvin Edwards,1986,kelvin edwards,,,,,,
Chas Fox,1986,chas fox,,,,,,
James Pruitt,1986,james pruitt,,,,,,
Hassan Jones,1986,hassan jones,,,,,,
Vince Warren,1986,vince warren,,,,,,
Lew Barnes,1986,lew barnes,,,,,,
Ron Brown,1986,ron brown,,,,,,
Bob Thompson,1986,bob thompson,,,,,,
Floyd Dixon,1986,floyd dixon,,,,,,
Curt Pardridge,1986,curt pardridge,,,,,,
Solomon Miller,1986,solomon miller,,,,,,
Keith Williams,1986,keith williams,,,,,,
Mark Jackson,1986,mark jackson,,,,,,
Corn Redick,1986,corn redick,,,,,,
Eric Swanson,1986,eric swanson,,,,,,
Ray McDonald,1986,ray mcdonald,,,,,,
Allyn Griffin,1986,allyn griffin,,,,,,
Reggie Bynum,1986,reggie bynum,,,,,,
Joe Thomas,1986,joe thomas,,,,,,
Wes Smith,1986,wes smith,,,,,,
Elliston Stinson,1986,elliston stinson,,,,,,
Leland Melvin,1986,leland melvin,,,,,,
Gene Thomas,1986,gene thomas,,,,,,
Glen Kozlowski,1986,glen kozlowski,,,,,,
Steve Griffin,1986,steve griffin,,,,,,
Sebastian Brown,1986,sebastian brown,,,,,,
Eric Yarber,1986,eric yarber,,,,,,
Larry Shepherd,1986,larry shepherd,,,,,,
Haywood Jeffires,1987,haywood jeffires,,,,,,
Ricky Nattiel,1987,ricky nattiel,,,,,,
Mark Ingram,1987,mark ingram,,,,,,
Lonzell Hill,1987,lonzell hill,,,,,,
Ron Morris,1987,ron morris,,,,,,
Scott Schwedes,1987,scott schwedes,,,,,,
Mark Carrier,1987,mark carrier,,,,,,
Charles Lockett,1987,charles lockett,,,,,,
Frankie Neal,1987,frankie neal,,,,,,
Stephen Baker,1987,stephen baker,,,,,,
Kelvin Martin,1987,kelvin martin,,,,,,
Bruce Hill,1987,bruce hill,,,,,,
Odessa Turner,1987,odessa turner,,,,,,
Roy Banks,1987,roy banks,,,,,,
Everett Gay,1987,everett gay,,,,,,
Kitrick Taylor,1987,kitrick taylor,,,,,,
Paul Jokisch,1987,paul jokisch,,,,,,
Willie Marshall,1987,willie marshall,,,,,,
Thomas Henley,1987,thomas henley,,,,,,
Greg Richardson,1987,greg richardson,,,,,,
Tracy Martin,1987,tracy martin,,,,,,
Gene Taylor,1987,gene taylor,,,,,,
Mark Bellini,1987,mark bellini,,,,,,
Jamie Holland,1987,jamie holland,,,,,,
Michel James,1987,michel james,,,,,,
Joey Clinkscales,1987,joey clinkscales,,,,,,
Curtis Duncan,1987,curtis duncan,,,,,,
Ray Brown,1987,ray brown,,,,,,
Robert Clark,1987,robert clark,,,,,,
Louis Clark,1987,louis clark,,,,,,
Ted Wilson,1987,ted wilson,,,,,,
Patrick Scott,1987,patrick scott,,,,,,
Craig Richardson,1987,craig richardson,,,,,,
Calvin Nicholas,1987,calvin nicholas,,,,,,
Laron Brown,1987,laron brown,,,,,,
Gary Lee,1987,gary lee,,,,,,
Tim Brown,1988,tim brown,,,,,,
Sterling Sharpe,1988,sterling sharpe,,,,,,
Michael Irvin,1988,michael irvin,,,,,,
Anthony Miller,1988,anthony miller,,,,,,
Aaron Cox,1988,aaron cox,,,,,,
Wendell Davis,1988,wendell davis,,,,,,
Flipper Anderson,1988,flipper anderson,,,,,,
Brian Blades,1988,brian blades,,,,,,
Brett Perriman,1988,brett perriman,,,,,,
Ray Roundtree,1988,ray roundtree,,,,,,
Quinn Early,1988,quinn early,,,,,,
Bernard Ford,1988,bernard ford,,,,,,
Tommy Kane,1988,tommy kane,,,,,,
J.R. Ambrose,1988,jr ambrose,,,,,,
Sammy Martin,1988,sammy martin,,,,,,
George Thomas,1988,george thomas,,,,,,
Michael Haynes,1988,michael haynes,,,,,,
Jeff James,1988,jeff james,,,,,,
Todd White,1988,todd white,,,,,,
Ernie Jones,1988,ernie jones,,,,,,
Darryl Usher,1988,darryl usher,,,,,,
Marc Zeno,1988,marc zeno,,,,,,
Mike Alexander,1988,mike alexander,,,,,,
Darryl Franklin,1988,darryl franklin,,,,,,
J.J. Birden,1988,jj birden,,,,,,
Azizuddin Abdur-Ra'oof,1988,azizuddin abdurraoof,,,,,,
Brian Bedford,1988,brian bedford,,,,,,
Rogie Magee,1988,rogie magee,,,,,,
Paco Craig,1988,paco craig,,,,,,
Andy Schillinger,1988,andy schillinger,,,,,,
Marco Johnson,1988,marco johnson,,,,,,
James Milling,1988,james milling,,,,,,
Frank Pillow,1988,frank pillow,,,,,,
Greg Harris,1988,greg harris,,,,,,
Hendley Hawkins,1988,hendley hawkins,,,,,,
Gary Couch,1988,gary couch,,,,,,
Carl Parker,1988,carl parker,,,,,,
Aatron Kenney,1988,aatron kenney,,,,,,
Scott Bolton,1988,scott bolton,,,,,,
Jeff Beathard,1988,jeff beathard,,,,,,
Hart Lee Dykes,1989,hart lee dykes,,,,,,
Andre Rison,1989,andre rison,,,,,,
Shawn Collins,1989,shawn collins,,,,,,
John Ford,1989,john ford,,,,,,
Lawyer Tillman,1989,lawyer tillman,,,,,,
Danny Peebles,1989,danny peebles,,,,,,
Naz Worthen,1989,naz worthen,,,,,,
Derek Hill,1989,derek hill,,,,,,
Don Beebe,1989,don beebe,,,,,,
Michael Timpson,1989,michael timpson,,,,,,
Rod Harris,1989,rod harris,,,,,,
John Kolesar,1989,john kolesar,,,,,,
Erik Affholter,1989,erik affholter,,,,,,
Michael Barber,1989,michael barber,,,,,,
Vernon Joines,1989,vernon joines,,,,,,
Jeff Query,1989,jeff query,,,,,,
Tony Martin,1989,tony martin,,,,,,
Alfred Jackson,1989,alfred jackson,,,,,,
Robb Thomas,1989,robb thomas,,,,,,
Mark Stock,1989,mark stock,,,,,,
Anthony Stafford,1989,anthony stafford,,,,,,
Titus Dixon,1989,titus dixon,,,,,,
Floyd Turner,1989,floyd turner,,,,,,
Kendal Smith,1989,kendal smith,,,,,,
Dana Brinson,1989,dana brinson,,,,,,
Fred Hadley,1989,fred hadley,,,,,,
William Mackall,1989,william mackall,,,,,,
Jason Phillips,1989,jason phillips,,,,,,
Deval Glover,1989,deval glover,,,,,,
Mike Williams,1989,mike williams,,,,,,
John Simpson,1989,john simpson,,,,,,
Brian Slater,1989,brian slater,,,,,,
Herb Duncan,1989,herb duncan,,,,,,
Norm McGee,1989,norm mcgee,,,,,,
Scott Ankrom,1989,scott ankrom,,,,,,
John Javis,1989,john javis,,,,,,
Willie Snead,1989,willie snead,,,,,,
Mike Cadore,1989,mike cadore,,,,,,
Freddy Weygand,1989,freddy weygand,,,,,,
Everett Ross,1989,everett ross,,,,,,
Alexander Wright,1990,alexander wright,,,,,,
Reggie Rembert,1990,reggie rembert,,,,,,
Mike Bellamy,1990,mike bellamy,,,,,,
Ricky Proehl,1990,ricky proehl,,,,,,
Ron Lewis,1990,ron lewis,,,,,,
Fred Barnett,1990,fred barnett,,,,,,
Greg McMurtry,1990,greg mcmurtry,,,,,,
Stacey Simmons,1990,stacey simmons,,,,,,
Tony Moss,1990,tony moss,,,,,,
Fred Jones,1990,fred jones,,,,,,
Chris Calloway,1990,chris calloway,,,,,,
Reggie Thornton,1990,reggie thornton,,,,,,
Jeff Campbell,1990,jeff campbell,,,,,,
Lynn James,1990,lynn james,,,,,,
Charles Wilson,1990,charles wilson,,,,,,
Calvin Williams,1990,calvin williams,,,,,,
Terance Mathis,1990,terance mathis,,,,,,
Tyrone Shavers,1990,tyrone shavers,,,,,,
Tony Jones,1990,tony jones,,,,,,
Ronald Heard,1990,ronald heard,,,,,,
Tim Stallworth,1990,tim stallworth,,,,,,
Nate Lewis,1990,nate lewis,,,,,,
Willie Green,1990,willie green,,,,,,
Thomas Woods,1990,thomas woods,,,,,,
Dwight Pickens,1990,dwight pickens,,,,,,
Dale Dawkins,1990,dale dawkins,,,,,,
Darvell Huffman,1990,darvell huffman,,,,,,
Pat Coleman,1990,pat coleman,,,,,,
Clarkston Hines,1990,clarkston hines,,,,,,
Eugene Rowell,1990,eugene rowell,,,,,,
Tony Lomack,1990,tony lomack,,,,,,
Pat Newman,1990,pat newman,,,,,,
Bill Miller,1990,bill miller,,,,,,
Gary Cooper,1990,gary cooper,,,,,,
Terry Anthony,1990,terry anthony,,,,,,
Dempsey Norman,1990,dempsey norman,,,,,,
Al Edwards,1990,al edwards,,,,,,
Tyrone Watson,1990,tyrone watson,,,,,,
Ron Lewis,1990,ron lewis,,,,,,
Robert Claiborne,1990,robert claiborne,,,,,,
Andre Riley,1990,andre riley,,,,,,
Tony Jeffery,1990,tony jeffery,,,,,,
Kerry Simien,1990,kerry simien,,,,,,
Elliott Searcy,1990,elliott searcy,,,,,,
Herman Moore,1991,herman moore,,,,,,
Alvin Harper,1991,alvin harper,,,,,,
Mike Pritchard,1991,mike pritchard,,,,,,
Randal Hill,1991,randal hill,,,,,,
Wesley Carroll,1991,wesley carroll,,,,,,
Jeff Graham,1991,jeff graham,,,,,,
Doug Thomas,1991,doug thomas,,,,,,
Reggie Barrett,1991,reggie barrett,,,,,,
Lawrence Dawsey,1991,lawrence dawsey,,,,,,
Jake Reed,1991,jake reed,,,,,,
Ernie Mills,1991,ernie mills,,,,,,
David Daniels,1991,david daniels,,,,,,
Tim Barnett,1991,tim barnett,,,,,,
Ed McCaffrey,1991,ed mccaffrey,,,,,,
Derek Russell,1991,derek russell,,,,,,
Yancey Thigpen,1991,yancey thigpen,,,,,,
Rocket Ismail,1991,rocket ismail,,,,,,
Rob Carpenter,1991,rob carpenter,,,,,,
Gary Wellman,1991,gary wellman,,,,,,
Anthony Morgan,1991,anthony morgan,,,,,,
Michael Jackson,1991,michael jackson,,,,,,
Millard Hamilton,1991,millard hamilton,,,,,,
James Bradley,1991,james bradley,,,,,,
Johnny Walker,1991,johnny walker,,,,,,
Tony Hargain,1991,tony hargain,,,,,,
Brad Lamb,1991,brad lamb,,,,,,
Treamelle Taylor,1991,treamelle taylor,,,,,,
Damon Mays,1991,damon mays,,,,,,
Shawn Wiggins,1991,shawn wiggins,,,,,,
Shawn Jefferson,1991,shawn jefferson,,,,,,
Shane Garrett,1991,shane garrett,,,,,,
Scott Miller,1991,scott miller,,,,,,
Jerry Bouldin,1991,jerry bouldin,,,,,,
Curtis Mayfield,1991,curtis mayfield,,,,,,
Walter Sutton,1991,walter sutton,,,,,,
Vince Moore,1991,vince moore,,,,,,
Joachim Weinberg,1991,joachim weinberg,,,,,,
Bobby Olive,1991,bobby olive,,,,,,
Bobby Slaughter,1991,bobby slaughter,,,,,,
Darren Hughes,1991,darren hughes,,,,,,
Linzy Collins,1991,linzy collins,,,,,,
Alex Johnson,1991,alex johnson,,,,,,
Keenan McCardell,1991,keenan mccardell,,,,,,
Dennis Johnson,1991,dennis johnson,,,,,,
Desmond Howard,1992,desmond howard,,,,,,
Carl Pickens,1992,carl pickens,,,,,,
Jimmy Smith,1992,jimmy smith,,,,,,
Courtney Hawkins,1992,courtney hawkins,,,,,,
Patrick Rowe,1992,patrick rowe,,,,,,
Todd Kinchen,1992,todd kinchen,,,,,,
Robert Brooks,1992,robert brooks,,,,,,
Ray Ethridge,1992,ray ethridge,,,,,,
Charles Davenport,1992,charles davenport,,,,,,
Orlando McKay,1992,orlando mckay,,,,,,
Torrance Small,1992,torrance small,,,,,,
Shoun Habersham,1992,shoun habersham,,,,,,
Rico Smith,1992,rico smith,,,,,,
Tony Smith,1992,tony smith,,,,,,
Jeff Sydner,1992,jeff sydner,,,,,,
Mario Bailey,1992,mario bailey,,,,,,
Wayne Hawkins,1992,wayne hawkins,,,,,,
Elbert Turner,1992,elbert turner,,,,,,
Christopher Holder,1992,christopher holder,,,,,,
John Brown,1992,john brown,,,,,,
Jon Bostick,1992,jon bostick,,,,,,
Eric Blount,1992,eric blount,,,,,,
Vincent Brownlee,1992,vincent brownlee,,,,,,
Eddie Miller,1992,eddie miller,,,,,,
Johnnie Barnes,1992,johnnie barnes,,,,,,
Ronnie West,1992,ronnie west,,,,,,
Tyrone Williams,1992,tyrone williams,,,,,,
Chris Walsh,1992,chris walsh,,,,,,
Dion Johnson,1992,dion johnson,,,,,,
Marcus Dowdell,1992,marcus dowdell,,,,,,
Barry Rose,1992,barry rose,,,,,,
Brian Thomas,1992,brian thomas,,,,,,
Augustin Olobia,1992,augustin olobia,,,,,,
Nate Singleton,1992,nate singleton,,,,,,
Eric Boles,1992,eric boles,,,,,,
Lee Miles,1992,lee miles,,,,,,
Tim Daniel,1992,tim daniel,,,,,,
Cedric Tillman,1992,cedric tillman,,,,,,
Terry Smith,1992,terry smith,,,,,,
Joe Randolph,1992,joe randolph,,,,,,
Charles Swann,1992,charles swann,,,,,,
Freeman Baysinger,1992,freeman baysinger,,,,,,
John Granby,1992,john granby,,,,,,
Curtis Conway,1993,curtis conway,,,,,,
Sean Dawkins,1993,sean dawkins,,,,,,
O.J. McDuffie,1993,oj mcduffie,,,,,,
Kevin Williams,1993,kevin williams,,,,,,
Victor Bailey,1993,victor bailey,,,,,,
Qadry Ismail,1993,qadry ismail,,,,,,
Vincent Brisby,1993,vincent brisby,,,,,,
Lamar Thomas,1993,lamar thomas,,,,,,
Andre Hastings,1993,andre hastings,,,,,,
Travis Hannah,1993,travis hannah,,,,,,
Horace Copeland,1993,horace copeland,,,,,,
Russell Copeland,1993,russell copeland,,,,,,
Terrence Warren,1993,terrence warren,,,,,,
Sean LaChapelle,1993,sean lachapelle,,,,,,
Olanda Truitt,1993,olanda truitt,,,,,,
Kenny Shedd,1993,kenny shedd,,,,,,
Walter Dunson,1993,walter dunson,,,,,,
Melvin Bonner,1993,melvin bonner,,,,,,
Tyree Davis,1993,tyree davis,,,,,,
Tony Kimbrough,1993,tony kimbrough,,,,,,
Danan Hughes,1993,danan hughes,,,,,,
Patrick Robinson,1993,patrick robinson,,,,,,
Willie Harris,1993,willie harris,,,,,,
Troy Brown,1993,troy brown,,,,,,
Shannon Baker,1993,shannon baker,,,,,,
Brian Stablein,1993,brian stablein,,,,,,
Stevie Anderson,1993,stevie anderson,,,,,,
Darrick Branch,1993,darrick branch,,,,,,
Charles Johnson,1994,charles johnson,,,,,,
Johnnie Morton,1994,johnnie morton,,,,,,
Thomas Lewis,1994,thomas lewis,,,,,,
Derrick Alexander,1994,derrick alexander,,,,,,
Darnay Scott,1994,darnay scott,,,,,,
Isaac Bruce,1994,isaac bruce,,,,,,
Kevin Lee,1994,kevin lee,,,,,,
David Palmer,1994,david palmer,,,,,,
Ryan Yarborough,1994,ryan yarborough,,,,,,
Bert Emanuel,1994,bert emanuel,,,,,,
Tydus Winans,1994,tydus winans,,,,,,
Andre Coleman,1994,andre coleman,,,,,,
Cory Fleming,1994,cory fleming,,,,,,
Lake Dawson,1994,lake dawson,,,,,,
Chris Penn,1994,chris penn,,,,,,
Malcolm Floyd,1994,malcolm floyd,,,,,,
Chris Brantley,1994,chris brantley,,,,,,
Willie Jackson,1994,willie jackson,,,,,,
Orlando Parker,1994,orlando parker,,,,,,
Harrison Houston,1994,harrison houston,,,,,,
Terry Mickens,1994,terry mickens,,,,,,
Steve Hawkins,1994,steve hawkins,,,,,,
Jay Kearney,1994,jay kearney,,,,,,
Lloyd Hill,1994,lloyd hill,,,,,,
Derrell Mitchell,1994,derrell mitchell,,,,,,
Bill Schroeder,1994,bill schroeder,,,,,,
Lee Gissendaner,1994,lee gissendaner,,,,,,
Kevin Knox,1994,kevin knox,,,,,,
Michael Westbrook,1995,michael westbrook,,,,,,
Joey Galloway,1995,joey galloway,,,,,,
J.J. Stokes,1995,jj stokes,,,,,,
Frank Sanders,1995,frank sanders,,,,,,
Jimmy Oliver,1995,jimmy oliver,,,,,,
Chris Sanders,1995,chris sanders,,,,,,
Chris Jones,1995,chris jones,,,,,,
Tamarick Vanover,1995,tamarick vanover,,,,,,
Antonio Freeman,1995,antonio freeman,,,,,,
Justin Armour,1995,justin armour,,,,,,
Jack Jackson,1995,jack jackson,,,,,,
David Dunn,1995,david dunn,,,,,,
Roell Preston,1995,roell preston,,,,,,
Mike Miller,1995,mike miller,,,,,,
Kez McCorvey,1995,kez mccorvey,,,,,,
'Omar Ellison,1995,omar ellison,,,,,,
Edward Hervey,1995,edward hervey,,,,,,
Charlie Simmons,1995,charlie simmons,,,,,,
Brandon Harrison,1995,brandon harrison,,,,,,
Lee DeRamus,1995,lee deramus,,,,,,
Eddie Goines,1995,eddie goines,,,,,,
Billy Williams,1995,billy williams,,,,,,
Curtis Ceaser,1995,curtis ceaser,,,,,,
Curtis Marsh,1995,curtis marsh,,,,,,
A.C. Tellison,1995,ac tellison,,,,,,
Henry Bailey,1995,henry bailey,,,,,,
J.T. Thomas,1995,jt thomas,,,,,,
Shannon Myers,1995,shannon myers,,,,,,
Keyshawn Johnson,1996,keyshawn johnson,,,,,,
Terry Glenn,1996,terry glenn,,,,,,
Eddie Kennison,1996,eddie kennison,,,,,,
Marvin Harrison,1996,marvin harrison,,,,,,
Eric Moulds,1996,eric moulds,,,,,,
Alex Van Dyke,1996,alex van dyke,,,,,,
Amani Toomer,1996,amani toomer,,,,,,
Bryan Still,1996,bryan still,,,,,,
Muhsin Muhammad,1996,muhsin muhammad,,,,,,
Bobby Engram,1996,bobby engram,,,,,,
Derrick Mayes,1996,derrick mayes,,,,,,
Terrell Owens,1996,terrell owens,,,,,,
Stepfret Williams,1996,stepfret williams,,,,,,
Reggie Barlow,1996,reggie barlow,,,,,,
Charlie Jones,1996,charlie jones,,,,,,
Jahine Arnold,1996,jahine arnold,,,,,,
Joe Horn,1996,joe horn,,,,,,
Mercury Hayes,1996,mercury hayes,,,,,,
Jermaine Lewis,1996,jermaine lewis,,,,,,
Patrick Jeffers,1996,patrick jeffers,,,,,,
Iheanyi Uwaezuoke,1996,iheanyi uwaezuoke,,,,,,
Terry Guess,1996,terry guess,,,,,,
Dietrich Jells,1996,dietrich jells,,,,,,
Nilo Silvan,1996,nilo silvan,,,,,,
Chris Doering,1996,chris doering,,,,,,
James Roe,1996,james roe,,,,,,
Phillip Riley,1996,phillip riley,,,,,,
Toderick Malone,1996,toderick malone,,,,,,
Donnell Baker,1996,donnell baker,,,,,,
Clarence Jones,1996,clarence jones,,,,,,
Gregory Spann,1996,gregory spann,,,,,,
DeAndre Maxwell,1996,deandre maxwell,,,,,,
Brice Hunter,1996,brice hunter,,,,,,
Ike Hilliard,1997,ike hilliard,,,,,,
Yatil Green,1997,yatil green,,,,,,
Reidel Anthony,1997,reidel anthony,,,,,,
Rae Carruth,1997,rae carruth,,,,,,
Joey Kent,1997,joey kent,,,,,,
Kevin Lockett,1997,kevin lockett,,,,,,
Will Blackwell,1997,will blackwell,,,,,,
Dedric Ward,1997,dedric ward,,,,,,
Derrick Mason,1997,derrick mason,,,,,,
Marcus Robinson,1997,marcus robinson,,,,,,
Albert Connell,1997,albert connell,,,,,,
Keith Poole,1997,keith poole,,,,,,
Macey Brooks,1997,macey brooks,,,,,,
Chad Carpenter,1997,chad carpenter,,,,,,
Nate Jacquet,1997,nate jacquet,,,,,,
Brian Manning,1997,brian manning,,,,,,
Antwuan Wyatt,1997,antwuan wyatt,,,,,,
Tony Gaiter,1997,tony gaiter,,,,,,
Isaac Byrd,1997,isaac byrd,,,,,,
Nigea Carter,1997,nigea carter,,,,,,
Chris Miller,1997,chris miller,,,,,,
Mike Adams,1997,mike adams,,,,,,
Marcus Harris,1997,marcus harris,,,,,,
Matthew Hatchette,1997,matthew hatchette,,,,,,
Kevin Dyson,1998,kevin dyson,,,,,,
Randy Moss,1998,randy moss,,,,,,
Marcus Nash,1998,marcus nash,,,,,,
Jerome Pathon,1998,jerome pathon,,,,,,
Jacquez Green,1998,jacquez green,,,,,,
Patrick Johnson,1998,patrick johnson,,,,,,
Germane Crowell,1998,germane crowell,,,,,,
Tony Simmons,1998,tony simmons,,,,,,
Joe Jurevicius,1998,joe jurevicius,,,,,,
Brian Alford,1998,brian alford,,,,,,
E.G. Green,1998,eg green,,,,,,
Jammi German,1998,jammi german,,,,,,
Larry Shannon,1998,larry shannon,,,,,,
Hines Ward,1998,hines ward,,,,,,
Az-Zahir Hakim,1998,azzahir hakim,,,,,,
Donald Hayes,1998,donald hayes,,,,,,
Tim Dwight,1998,tim dwight,,,,,,
Corey Bradford,1998,corey bradford,,,,,,
Fred Coleman,1998,fred coleman,,,,,,
Jason Tucker,1998,jason tucker,,,,,,
Bobby Shaw,1998,bobby shaw,,,,,,
Patrick Palmer,1998,patrick palmer,,,,,,
Chris Brazzell,1998,chris brazzell,,,,,,
Alvis Whitted,1998,alvis whitted,,,,,,
Phil Savoy,1998,phil savoy,,,,,,
Andy McCullough,1998,andy mccullough,,,,,,
Ryan Thelwell,1998,ryan thelwell,,,,,,
Jim Turner,1998,jim turner,,,,,,
Kio Sanford,1998,kio sanford,,,,,,
Kamil Loud,1998,kamil loud,,,,,,
Torry Holt,1999,torry holt,,,,,,
David Boston,1999,david boston,,,,,,
Troy Edwards,1999,troy edwards,,,,,,
Kevin Johnson,1999,kevin johnson,,,,,,
Peerless Price,1999,peerless price,,,,,,
D'Wayne Bates,1999,dwayne bates,,,,,,
Marty Booker,1999,marty booker,,,,,,
Karsten Bailey,1999,karsten bailey,,,,,,
Travis McGriff,1999,travis mcgriff,,,,,,
Craig Yeast,1999,craig yeast,,,,,,
Dameane Douglas,1999,dameane douglas,,,,,,
Brandon Stokley,1999,brandon stokley,,,,,,
Larry Parker,1999,larry parker,,,,,,
Wane McGarity,1999,wane mcgarity,,,,,,
Na Brown,1999,na brown,,,,,,
Darrin Chiaverini,1999,darrin chiaverini,,,,,,
Eugene Baker,1999,eugene baker,,,,,,
Malcolm Johnson,1999,malcolm johnson,,,,,,
Tai Streets,1999,tai streets,,,,,,
Darran Hall,1999,darran hall,,,,,,
MarTay Jenkins,1999,martay jenkins,,,,,,
Dee Miller,1999,dee miller,,,,,,
Troy Smith,1999,troy smith,,,,,,
Chad Plummer,1999,chad plummer,,,,,,
Donald Driver,1999,donald driver,,,,,,
Tim Alexander,1999,tim alexander,,,,,,
Sulecio Sanford,1999,sulecio sanford,,,,,,
Darnell McDonald,1999,darnell mcdonald,,,,,,
Sean Morey,1999,sean morey,,,,,,
Rondel Menendez,1999,rondel menendez,,,,,,
Peter Warrick,2000,peter warrick,482.0,0.0,482.0,0.0,1.0,0.0
Plaxico Burress,2000,plaxico burress,480.0,0.0,480.0,0.0,1.0,0.0
Travis Taylor,2000,travis taylor,487.0,0.0,487.0,0.0,1.0,0.0
Sylvester Morris,2000,sylvester morris,,,,,,
R. Jay Soward,2000,r jay soward,507.0,0.0,507.0,0.0,1.0,0.0
Dennis Northcutt,2000,dennis northcutt,427.0,0.0,427.0,0.0,1.0,0.0
Todd Pinkston,2000,todd pinkston,437.0,0.0,437.0,0.0,1.0,0.0
Jerry Porter,2000,jerry porter,441.0,0.0,441.0,0.0,1.0,0.0
Ron Dugans,2000,ron dugans,482.0,0.0,482.0,0.0,1.0,0.0
Dez White,2000,dez white,657.0,0.0,657.0,0.0,1.0,0.0
Chris Cole,2000,chris cole,489.0,0.0,489.0,0.0,1.0,0.0
Ron Dixon,2000,ron dixon,564.0,0.0,564.0,0.0,1.0,0.0
Laveranues Coles,2000,laveranues coles,412.0,0.0,412.0,0.0,1.0,0.0
JaJuan Dawson,2000,jajuan dawson,427.0,0.0,427.0,0.0,1.0,0.0
Darrell Jackson,2000,darrell jackson,449.0,0.0,449.0,0.0,1.0,0.0
Gari Scott,2000,gari scott,437.0,0.0,437.0,0.0,1.0,0.0
Danny Farmer,2000,danny farmer,480.0,0.0,480.0,0.0,1.0,0.0
Trevor Gaylor,2000,trevor gaylor,,,,,,
Anthony Lucas,2000,anthony lucas,,,,,,
Avion Black,2000,avion black,432.0,0.0,432.0,0.0,1.0,0.0
Windrell Hayes,2000,windrell hayes,412.0,0.0,412.0,0.0,1.0,0.0
Joey Jamison,2000,joey jamison,,,,,,
Dante Hall,2000,dante hall,,,,,,
Muneer Moore,2000,muneer moore,489.0,0.0,489.0,0.0,1.0,0.0
Troy Walters,2000,troy walters,498.0,0.0,498.0,0.0,1.0,0.0
Frank Murphy,2000,frank murphy,657.0,0.0,657.0,0.0,1.0,0.0
Mareno Philyaw,2000,mareno philyaw,418.0,0.0,418.0,0.0,1.0,0.0
James Williams,2000,james williams,449.0,0.0,449.0,0.0,1.0,0.0
Emanuel Smith,2000,emanuel smith,507.0,0.0,507.0,0.0,1.0,0.0
Sherrod Gideon,2000,sherrod gideon,,,,,,
Desmond Kitchings,2000,desmond kitchings,,,,,,
Drew Haddad,2000,drew haddad,432.0,0.0,432.0,0.0,1.0,0.0
Charles Lee,2000,charles lee,,,,,,
Leroy Fields,2000,leroy fields,489.0,0.0,489.0,0.0,1.0,0.0
Ethan Howell,2000,ethan howell,427.0,0.0,427.0,0.0,1.0,0.0
David Terrell,2001,david terrell,517.0,0.0,517.0,0.0,1.0,0.0
Koren Robinson,2001,koren robinson,457.0,0.0,457.0,0.0,1.0,0.0
Rod Gardner,2001,rod gardner,440.0,0.0,440.0,0.0,1.0,0.0
Santana Moss,2001,santana moss,483.0,0.0,483.0,0.0,1.0,0.0
Freddie Mitchell,2001,freddie mitchell,557.0,0.0,557.0,0.0,1.0,0.0
Reggie Wayne,2001,reggie wayne,548.0,0.0,548.0,0.0,1.0,0.0
Quincy Morgan,2001,quincy morgan,443.0,0.0,443.0,0.0,1.0,0.0
Chad Johnson,2001,chad johnson,419.0,0.0,419.0,0.0,1.0,0.0
Robert Ferguson,2001,robert ferguson,,,,,,
Chris Chambers,2001,chris chambers,363.0,0.0,363.0,0.0,1.0,0.0
Steve Smith Sr.,2001,steve smith,478.0,0.0,478.0,0.0,1.0,0.0
Snoop Minnis,2001,snoop minnis,,,,,,
Milton Wynn,2001,milton wynn,558.0,0.0,558.0,0.0,1.0,0.0
Justin McCareins,2001,justin mccareins,433.0,0.0,433.0,0.0,1.0,0.0
Cedric James,2001,cedric james,478.0,0.0,478.0,0.0,1.0,0.0
Vinny Sutherland,2001,vinny sutherland,430.0,0.0,430.0,0.0,1.0,0.0
Alex Bannister,2001,alex bannister,457.0,0.0,457.0,0.0,1.0,0.0
Scotty Anderson,2001,scotty anderson,483.0,0.0,483.0,0.0,1.0,0.0
Onomo Ojo,2001,onomo ojo,,,,,,
Darnerien McCants,2001,darnerien mccants,440.0,0.0,440.0,0.0,1.0,0.0
Eddie Berlin,2001,eddie berlin,433.0,0.0,433.0,0.0,1.0,0.0
Jonathan Carter,2001,jonathan carter,508.0,0.0,508.0,0.0,1.0,0.0
Bobby Newcombe,2001,bobby newcombe,526.0,0.0,526.0,0.0,1.0,0.0
Cedrick Wilson,2001,cedrick wilson,,,,,,
Kevin Kasper,2001,kevin kasper,479.0,0.0,479.0,0.0,1.0,0.0
Francis St. Paul,2001,francis st paul,558.0,0.0,558.0,0.0,1.0,0.0
T.J. Houshmandzadeh,2001,tj houshmandzadeh,419.0,0.0,419.0,0.0,1.0,0.0
John Capel,2001,john capel,517.0,0.0,517.0,0.0,1.0,0.0
Reggie Germany,2001,reggie germany,489.0,0.0,489.0,0.0,1.0,0.0
Chris Taylor,2001,chris taylor,411.0,0.0,411.0,0.0,1.0,0.0
Ken-Yon Rambo,2001,kenyon rambo,422.0,0.0,422.0,0.0,1.0,0.0
Richmond Flowers III,2001,richmond flowers,522.0,0.0,522.0,0.0,1.0,0.0
Quentin McCord,2001,quentin mccord,430.0,0.0,430.0,0.0,1.0,0.0
Andre King,2001,andre king,443.0,0.0,443.0,0.0,1.0,0.0
Donte' Stallworth,2002,donte stallworth,,,,,,
Ashley Lelie,2002,ashley lelie,440.0,0.0,440.0,0.0,1.0,0.0
Javon Walker,2002,javon walker,,,,,,
Jabar Gaffney,2002,jabar gaffney,,,,,,
Josh Reed,2002,josh reed,425.0,0.0,425.0,0.0,1.0,0.0
Tim Carter,2002,tim carter,554.0,0.0,554.0,0.0,1.0,0.0
Andre' Davis,2002,andre davis,454.0,0.0,454.0,0.0,1.0,0.0
Reche Caldwell,2002,reche caldwell,,,,,,
Antwaan Randle El,2002,antwaan randle el,434.0,0.0,434.0,0.0,1.0,0.0
Antonio Bryant,2002,antonio bryant,388.0,0.0,388.0,0.0,1.0,0.0
Deion Branch,2002,deion branch,,,,,,
Marquis Walker,2002,marquis walker,,,,,,
Cliff Russell,2002,cliff russell,382.0,0.0,382.0,0.0,1.0,0.0
Eric Crouch,2002,eric crouch,531.0,0.0,531.0,0.0,1.0,0.0
Ron Johnson,2002,ron johnson,524.0,0.0,524.0,0.0,1.0,0.0
Terry Charles,2002,terry charles,,,,,,
Herb Haygood,2002,herb haygood,440.0,0.0,440.0,0.0,1.0,0.0
Jason McAddley,2002,jason mcaddley,485.0,0.0,485.0,0.0,1.0,0.0
Jake Schifino,2002,jake schifino,506.0,0.0,506.0,0.0,1.0,0.0
Freddie Milons,2002,freddie milons,508.0,0.0,508.0,0.0,1.0,0.0
Sam Simmons,2002,sam simmons,436.0,0.0,436.0,0.0,1.0,0.0
Kahlil Hill,2002,kahlil hill,418.0,0.0,418.0,0.0,1.0,0.0
Lee Mays,2002,lee mays,434.0,0.0,434.0,0.0,1.0,0.0
Jamin Elliott,2002,jamin elliott,504.0,0.0,504.0,0.0,1.0,0.0
Javin Hunter,2002,javin hunter,524.0,0.0,524.0,0.0,1.0,0.0
DeVeren Johnson,2002,deveren johnson,388.0,0.0,388.0,0.0,1.0,0.0
Michael Coleman,2002,michael coleman,418.0,0.0,418.0,0.0,1.0,0.0
Kendall Newson,2002,kendall newson,518.0,0.0,518.0,0.0,1.0,0.0
Darrell Hill,2002,darrell hill,506.0,0.0,506.0,0.0,1.0,0.0
Daryl Jones,2002,daryl jones,554.0,0.0,554.0,0.0,1.0,0.0
Ronald Curry,2002,ronald curry,511.0,0.0,511.0,0.0,1.0,0.0
Rodney Wright,2002,rodney wright,425.0,0.0,425.0,0.0,1.0,0.0
David Givens,2002,david givens,,,,,,
Aaron Lockett,2002,aaron lockett,,,,,,
Charles Rogers,2003,charles rogers,558.0,0.0,558.0,0.0,1.0,0.0
Andre Johnson,2003,andre johnson,420.0,0.0,420.0,0.0,1.0,0.0
Bryant Johnson,2003,bryant johnson,507.0,0.0,507.0,0.0,1.0,0.0
Taylor Jacobs,2003,taylor jacobs,526.0,0.0,526.0,0.0,1.0,0.0
Bethel Johnson,2003,bethel johnson,,,,,,
Anquan Boldin,2003,anquan boldin,507.0,0.0,507.0,0.0,1.0,0.0
Tyrone Calico,2003,tyrone calico,484.0,0.0,484.0,0.0,1.0,0.0
Kelley Washington,2003,kelley washington,542.0,0.0,542.0,0.0,1.0,0.0
Nate Burleson,2003,nate burleson,545.0,0.0,545.0,0.0,1.0,0.0
Kevin Curtis,2003,kevin curtis,614.0,0.0,614.0,0.0,1.0,0.0
Billy McMullen,2003,billy mcmullen,535.0,0.0,535.0,0.0,1.0,0.0
Shaun McDonald,2003,shaun mcdonald,614.0,0.0,614.0,0.0,1.0,0.0
Brandon Lloyd,2003,brandon lloyd,,,,,,
Sam Aiken,2003,sam aiken,530.0,0.0,530.0,0.0,1.0,0.0
Bobby Wade,2003,bobby wade,523.0,0.0,523.0,0.0,1.0,0.0
Justin Gage,2003,justin gage,523.0,0.0,523.0,0.0,1.0,0.0
Adrian Madise,2003,adrian madise,512.0,0.0,512.0,0.0,1.0,0.0
Jon Olinger,2003,jon olinger,428.0,0.0,428.0,0.0,1.0,0.0
Doug Gabriel,2003,doug gabriel,588.0,0.0,588.0,0.0,1.0,0.0
J.R. Tolver,2003,jr tolver,397.0,0.0,397.0,0.0,1.0,0.0
David Kircus,2003,david kircus,558.0,0.0,558.0,0.0,1.0,0.0
Zuriel Smith,2003,zuriel smith,431.0,0.0,431.0,0.0,1.0,0.0
LaTarence Dunbar,2003,latarence dunbar,428.0,0.0,428.0,0.0,1.0,0.0
Arnaz Battle,2003,arnaz battle,,,,,,
Willie Ponder,2003,willie ponder,541.0,0.0,541.0,0.0,1.0,0.0
Kareem Kelly,2003,kareem kelly,,,,,,
David Tyree,2003,david tyree,541.0,0.0,541.0,0.0,1.0,0.0
Keenan Howry,2003,keenan howry,545.0,0.0,545.0,0.0,1.0,0.0
Taco Wallace,2003,taco wallace,534.0,0.0,534.0,0.0,1.0,0.0
Walter Young,2003,walter young,419.0,0.0,419.0,0.0,1.0,0.0
Talman Gardner,2003,talman gardner,,,,,,
DeAndrew Rubin,2003,deandrew rubin,,,,,,
Kevin Walter,2003,kevin walter,541.0,0.0,541.0,0.0,1.0,0.0
Carl Ford,2003,carl ford,,,,,,
Travis Anglin,2003,travis anglin,558.0,0.0,558.0,0.0,1.0,0.0
Ryan Hoag,2003,ryan hoag,588.0,0.0,588.0,0.0,1.0,0.0
Larry Fitzgerald,2004,larry fitzgerald,303.0,0.0,303.0,0.0,1.0,0.0
Roy Williams,2004,roy williams,318.0,0.0,318.0,0.0,1.0,0.0
Reggie Williams,2004,reggie williams,274.0,0.0,274.0,0.0,1.0,0.0
Lee Evans,2004,lee evans,282.0,0.0,282.0,0.0,1.0,0.0
Michael Clayton,2004,michael clayton,,,,,,
Michael Jenkins,2004,michael jenkins,230.0,0.0,230.0,0.0,1.0,0.0
Rashaun Woods,2004,rashaun woods,,,,,,
Devery Henderson,2004,devery henderson,,,,,,
Darius Watts,2004,darius watts,271.0,0.0,271.0,0.0,1.0,0.0
Keary Colbert,2004,keary colbert,258.0,0.0,258.0,0.0,1.0,0.0
Derrick Hamilton,2004,derrick hamilton,,,,,,
Bernard Berrian,2004,bernard berrian,270.0,0.0,270.0,0.0,1.0,0.0
Devard Darling,2004,devard darling,216.0,0.0,216.0,0.0,1.0,0.0
Carlos Francis,2004,carlos francis,275.0,0.0,275.0,0.0,1.0,0.0
Samie Parker,2004,samie parker,,,,,,
Jerricho Cotchery,2004,jerricho cotchery,265.0,0.0,265.0,0.0,1.0,0.0
Ernest Wilford,2004,ernest wilford,274.0,0.0,274.0,0.0,1.0,0.0
Johnnie Morant,2004,johnnie morant,275.0,0.0,275.0,0.0,1.0,0.0
Maurice Mann,2004,maurice mann,310.0,0.0,310.0,0.0,1.0,0.0
D.J. Hackett,2004,dj hackett,286.0,0.0,286.0,0.0,1.0,0.0
Drew Carter,2004,drew carter,258.0,0.0,258.0,0.0,1.0,0.0
P.K. Sam,2004,pk sam,,,,,,
Jamaar Taylor,2004,jamaar taylor,331.0,0.0,331.0,0.0,1.0,0.0
Triandos Luke,2004,triandos luke,271.0,0.0,271.0,0.0,1.0,0.0
Jeris McIntyre,2004,jeris mcintyre,,,,,,
Clarence Moore,2004,clarence moore,216.0,0.0,216.0,0.0,1.0,0.0
Mark Jones,2004,mark jones,,,,,,
Sloan Thomas,2004,sloan thomas,246.0,0.0,246.0,0.0,1.0,0.0
Jonathan Smith,2004,jonathan smith,282.0,0.0,282.0,0.0,1.0,0.0
Patrick Crayton,2004,patrick crayton,223.0,0.0,223.0,0.0,1.0,0.0
Derek Abney,2004,derek abney,216.0,0.0,216.0,0.0,1.0,0.0
Braylon Edwards,2005,braylon edwards,244.0,0.0,244.0,0.0,1.0,0.0
Troy Williamson,2005,troy williamson,380.0,0.0,380.0,0.0,1.0,0.0
Mike Williams,2005,mike williams,285.0,0.0,285.0,0.0,1.0,0.0
Matt Jones,2005,matt jones,297.0,0.0,297.0,0.0,1.0,0.0
Mark Clayton,2005,mark clayton,258.0,0.0,258.0,0.0,1.0,0.0
Roddy White,2005,roddy white,216.0,0.0,216.0,0.0,1.0,0.0
Reggie Brown,2005,reggie brown,318.0,0.0,318.0,0.0,1.0,0.0
Mark Bradley,2005,mark bradley,235.0,0.0,235.0,0.0,1.0,0.0
Roscoe Parrish,2005,roscoe parrish,244.0,0.0,244.0,0.0,1.0,0.0
Terrence Murphy,2005,terrence murphy,,,,,,
Vincent Jackson,2005,vincent jackson,,,,,,
Courtney Roby,2005,courtney roby,344.0,0.0,344.0,0.0,1.0,0.0
Chris Henry,2005,chris henry,308.0,0.0,308.0,0.0,1.0,0.0
Brandon Jones,2005,brandon jones,344.0,0.0,344.0,0.0,1.0,0.0
Jerome Mathis,2005,jerome mathis,287.0,0.0,287.0,0.0,1.0,0.0
Craphonso Thorpe,2005,craphonso thorpe,,,,,,
Chase Lyman,2005,chase lyman,,,,,,
Fred Gibson,2005,fred gibson,200.0,0.0,200.0,0.0,1.0,0.0
Roydell Williams,2005,roydell williams,344.0,0.0,344.0,0.0,1.0,0.0
Airese Currie,2005,airese currie,235.0,0.0,235.0,0.0,1.0,0.0
Larry Brackins,2005,larry brackins,,,,,,
Rasheed Marshall,2005,rasheed marshall,,,,,,
Chad Owens,2005,chad owens,297.0,0.0,297.0,0.0,1.0,0.0
Tab Perry,2005,tab perry,308.0,0.0,308.0,0.0,1.0,0.0
Dante Ridgeway,2005,dante ridgeway,372.0,0.0,372.0,0.0,1.0,0.0
Craig Bragg,2005,craig bragg,,,,,,
Marcus Maxwell,2005,marcus maxwell,,,,,,
Paris Warren,2005,paris warren,,,,,,
LeRon McCoy,2005,leron mccoy,298.0,0.0,298.0,0.0,1.0,0.0
Harry Williams,2005,harry williams,235.0,0.0,235.0,0.0,1.0,0.0
J.R. Russell,2005,jr russell,,,,,,
Santonio Holmes,2006,santonio holmes,210.0,0.0,210.0,0.0,1.0,0.0
Chad Jackson,2006,chad jackson,,,,,,
Sinorice Moss,2006,sinorice moss,281.0,0.0,281.0,0.0,1.0,0.0
Greg Jennings,2006,greg jennings,,,,,,
Travis Wilson,2006,travis wilson,284.0,0.0,284.0,0.0,1.0,0.0
Derek Hagan,2006,derek hagan,287.0,0.0,287.0,0.0,1.0,0.0
Brandon Williams,2006,brandon williams,,,,,,
Maurice Stovall,2006,maurice stovall,,,,,,
Willie Reid,2006,willie reid,210.0,0.0,210.0,0.0,1.0,0.0
Michael Robinson,2006,michael robinson,,,,,,
Cory Rodgers,2006,cory rodgers,,,,,,
Jason Avant,2006,jason avant,322.0,0.0,322.0,0.0,1.0,0.0
Demetrius Williams,2006,demetrius williams,332.0,0.0,332.0,0.0,1.0,0.0
Brandon Marshall,2006,brandon marshall,277.0,0.0,277.0,0.0,1.0,0.0
Skyler Green,2006,skyler green,291.0,0.0,291.0,0.0,1.0,0.0
Domenik Hixon,2006,domenik hixon,277.0,0.0,277.0,0.0,1.0,0.0
Marques Hagans,2006,marques hagans,381.0,0.0,381.0,0.0,1.0,0.0
Mike Hass,2006,mike hass,,,,,,
Jonathan Orr,2006,jonathan orr,356.0,0.0,356.0,0.0,1.0,0.0
Delanie Walker,2006,delanie walker,,,,,,
Adam Jennings,2006,adam jennings,246.0,0.0,246.0,0.0,1.0,0.0
Jeff Webb,2006,jeff webb,,,,,,
Ethan Kilmer,2006,ethan kilmer,350.0,0.0,350.0,0.0,1.0,0.0
Todd Watkins,2006,todd watkins,418.0,0.0,418.0,0.0,1.0,0.0
Bennie Brazell,2006,bennie brazell,350.0,0.0,350.0,0.0,1.0,0.0
Devin Aromashodu,2006,devin aromashodu,287.0,0.0,287.0,0.0,1.0,0.0
Ben Obomanu,2006,ben obomanu,284.0,0.0,284.0,0.0,1.0,0.0
David Anderson,2006,david anderson,270.0,0.0,270.0,0.0,1.0,0.0
Marques Colston,2006,marques colston,,,,,,
Kevin McMahan,2006,kevin mcmahan,316.0,0.0,316.0,0.0,1.0,0.0
Calvin Johnson,2007,calvin johnson,370.0,2505.0,370.0,2505.0,1.0,1.0
Ted Ginn Jr.,2007,ted ginn,339.0,2011.0,339.0,2011.0,1.0,1.0
Dwayne Bowe,2007,dwayne bowe,,,,,,
Robert Meachem,2007,robert meachem,,,,,,
Craig Davis,2007,craig davis,,,,,,
Anthony Gonzalez,2007,anthony gonzalez,362.0,2990.0,362.0,2990.0,1.0,1.0
Sidney Rice,2007,sidney rice,319.0,1660.0,319.0,1660.0,1.0,1.0
Dwayne Jarrett,2007,dwayne jarrett,305.0,1887.0,305.0,1887.0,1.0,1.0
Steve Smith,2007,steve smith,301.0,1948.0,301.0,1948.0,1.0,1.0
Jacoby Jones,2007,jacoby jones,323.0,1379.0,323.0,1379.0,1.0,1.0
Yamon Figurs,2007,yamon figurs,307.0,2103.0,307.0,2103.0,1.0,1.0
Laurent Robinson,2007,laurent robinson,221.0,1748.0,221.0,1748.0,1.0,1.0
Jason Hill,2007,jason hill,,,,,,
James Jones,2007,james jones,,,,,,
Mike Sims-Walker,2007,mike simswalker,263.0,1621.0,263.0,1621.0,1.0,1.0
Paul Williams,2007,paul williams,207.0,1667.0,207.0,1667.0,1.0,1.0
Johnnie Lee Higgins,2007,johnnie lee higgins,263.0,1878.0,263.0,1878.0,1.0,1.0
Ryne Robinson,2007,ryne robinson,305.0,1887.0,305.0,1887.0,1.0,1.0
Chris Davis,2007,chris davis,207.0,1667.0,207.0,1667.0,1.0,1.0
Steve Breaston,2007,steve breaston,319.0,2309.0,319.0,2309.0,1.0,1.0
Aundrae Allison,2007,aundrae allison,319.0,1660.0,319.0,1660.0,1.0,1.0
David Clowney,2007,david clowney,,,,,,
Roy Hall,2007,roy hall,362.0,2990.0,362.0,2990.0,1.0,1.0
Legedu Naanee,2007,legedu naanee,,,,,,
Joel Filani,2007,joel filani,207.0,1667.0,207.0,1667.0,1.0,1.0
Courtney Taylor,2007,courtney taylor,262.0,2250.0,262.0,2250.0,1.0,1.0
Jordan Kent,2007,jordan kent,262.0,2250.0,262.0,2250.0,1.0,1.0
Dallas Baker,2007,dallas baker,285.0,2289.0,285.0,2289.0,1.0,1.0
John Broussard,2007,john broussard,263.0,1621.0,263.0,1621.0,1.0,1.0
Chandler Williams,2007,chandler williams,319.0,1660.0,319.0,1660.0,1.0,1.0
Syndric Steptoe,2007,syndric steptoe,303.0,1716.0,303.0,1716.0,1.0,1.0
Chansi Stuckey,2007,chansi stuckey,295.0,1906.0,295.0,1906.0,1.0,1.0
Derek Stanley,2007,derek stanley,364.0,2696.0,364.0,2696.0,1.0,1.0
Jonathan Holland,2007,jonathan holland,263.0,1878.0,263.0,1878.0,1.0,1.0
Donnie Avery,2008,donnie avery,332.0,2436.0,332.0,2436.0,1.0,1.0
Devin Thomas,2008,devin thomas,319.0,2091.0,319.0,2091.0,1.0,1.0
Jordy Nelson,2008,jordy nelson,,,,,,
James Hardy,2008,james hardy,265.0,1446.0,265.0,1446.0,1.0,1.0
Eddie Royal,2008,eddie royal,326.0,2097.0,326.0,2097.0,1.0,1.0
Jerome Simpson,2008,jerome simpson,367.0,2376.0,367.0,2376.0,1.0,1.0
DeSean Jackson,2008,desean jackson,351.0,2256.0,351.0,2256.0,1.0,1.0
Malcolm Kelly,2008,malcolm kelly,319.0,2091.0,319.0,2091.0,1.0,1.0
Limas Sweed,2008,limas sweed,281.0,2198.0,281.0,2198.0,1.0,1.0
Dexter Jackson,2008,dexter jackson,,,,,,
Earl Bennett,2008,earl bennett,325.0,1933.0,325.0,1933.0,1.0,1.0
Early Doucet,2008,early doucet,350.0,2602.0,350.0,2602.0,1.0,1.0
Harry Douglas,2008,harry douglas,330.0,1837.0,330.0,1837.0,1.0,1.0
Mario Manningham,2008,mario manningham,296.0,2031.0,296.0,2031.0,1.0,1.0
Andre Caldwell,2008,andre caldwell,367.0,2376.0,367.0,2376.0,1.0,1.0
Will Franklin,2008,will franklin,,,,,,
Marcus Smith,2008,marcus smith,332.0,2015.0,332.0,2015.0,1.0,1.0
Arman Shields,2008,arman shields,259.0,1654.0,259.0,1654.0,1.0,1.0
Lavelle Hawkins,2008,lavelle hawkins,279.0,1758.0,279.0,1758.0,1.0,1.0
Keenan Burton,2008,keenan burton,332.0,2436.0,332.0,2436.0,1.0,1.0
Kenny Moore,2008,kenny moore,365.0,2517.0,365.0,2517.0,1.0,1.0
Matthew Slater,2008,matthew slater,,,,,,
Marcus Henry,2008,marcus henry,276.0,1810.0,276.0,1810.0,1.0,1.0
Josh Morgan,2008,josh morgan,,,,,,
Kevin Robinson,2008,kevin robinson,,,,,,
Paul Hubbard,2008,paul hubbard,293.0,2220.0,293.0,2220.0,1.0,1.0
Jaymar Johnson,2008,jaymar johnson,237.0,1532.0,237.0,1532.0,1.0,1.0
Pierre Garcon,2008,pierre garcon,351.0,2491.0,351.0,2491.0,1.0,1.0
Justin Harper,2008,justin harper,332.0,2015.0,332.0,2015.0,1.0,1.0
Brett Swain,2008,brett swain,,,,,,
Stevie Johnson,2008,stevie johnson,265.0,1446.0,265.0,1446.0,1.0,1.0
Chaz Schilens,2008,chaz schilens,259.0,1654.0,259.0,1654.0,1.0,1.0
Adrian Arrington,2008,adrian arrington,,,,,,
Mario Urrutia,2008,mario urrutia,367.0,2376.0,367.0,2376.0,1.0,1.0
Marcus Monk,2008,marcus monk,325.0,1933.0,325.0,1933.0,1.0,1.0
Darrius Heyward-Bey,2009,darrius heywardbey,216.0,1469.0,216.0,1469.0,1.0,1.0
Michael Crabtree,2009,michael crabtree,,,,,,
Jeremy Maclin,2009,jeremy maclin,362.0,2277.0,362.0,2277.0,1.0,1.0
Percy Harvin,2009,percy harvin,252.0,1789.0,252.0,1789.0,1.0,1.0
Hakeem Nicks,2009,hakeem nicks,290.0,2102.0,290.0,2102.0,1.0,1.0
Kenny Britt,2009,kenny britt,254.0,1604.0,254.0,1604.0,1.0,1.0
Brian Robiskie,2009,brian robiskie,229.0,1313.0,229.0,1313.0,1.0,1.0
Mohamed Massaquoi,2009,mohamed massaquoi,229.0,1313.0,229.0,1313.0,1.0,1.0
Derrick Williams,2009,derrick williams,272.0,1957.0,272.0,1957.0,1.0,1.0
Brandon Tate,2009,brandon tate,,,,,,
Mike Wallace,2009,mike wallace,304.0,2208.0,304.0,2208.0,1.0,1.0
Ramses Barden,2009,ramses barden,290.0,2102.0,290.0,2102.0,1.0,1.0
Patrick Turner,2009,patrick turner,322.0,2335.0,322.0,2335.0,1.0,1.0
Deon Butler,2009,deon butler,236.0,1561.0,236.0,1561.0,1.0,1.0
Juaquin Iglesias,2009,juaquin iglesias,307.0,1746.0,307.0,1746.0,1.0,1.0
Mike Thomas,2009,mike thomas,334.0,2160.0,334.0,2160.0,1.0,1.0
Brian Hartline,2009,brian hartline,322.0,2335.0,322.0,2335.0,1.0,1.0
Louis Murphy,2009,louis murphy,216.0,1469.0,216.0,1469.0,1.0,1.0
Austin Collie,2009,austin collie,392.0,2478.0,392.0,2478.0,1.0,1.0
Johnny Knox,2009,johnny knox,307.0,1746.0,307.0,1746.0,1.0,1.0
Kenny McKinley,2009,kenny mckinley,386.0,2721.0,386.0,2721.0,1.0,1.0
Jarett Dillard,2009,jarett dillard,334.0,2160.0,334.0,2160.0,1.0,1.0
Brooks Foster,2009,brooks foster,292.0,1863.0,292.0,1863.0,1.0,1.0
Quinten Lawrence,2009,quinten lawrence,,,,,,
Brandon Gibson,2009,brandon gibson,362.0,2277.0,362.0,2277.0,1.0,1.0
Dominique Edison,2009,dominique edison,254.0,1604.0,254.0,1604.0,1.0,1.0
Demetrius Byrd,2009,demetrius byrd,,,,,,
Manuel Johnson,2009,manuel johnson,326.0,2195.0,326.0,2195.0,1.0,1.0
Julian Edelman,2009,julian edelman,,,,,,
Sammie Stroughter,2009,sammie stroughter,,,,,,
Marko Mitchell,2009,marko mitchell,318.0,1490.0,318.0,1490.0,1.0,1.0
Derek Kinder,2009,derek kinder,307.0,1746.0,307.0,1746.0,1.0,1.0
Freddie Brown,2009,freddie brown,303.0,1503.0,303.0,1503.0,1.0,1.0
Tiquan Underwood,2009,tiquan underwood,334.0,2160.0,334.0,2160.0,1.0,1.0
Demaryius Thomas,2010,demaryius thomas,554.0,3943.0,554.0,3943.0,1.0,1.0
Dez Bryant,2010,dez bryant,540.0,4114.0,540.0,4114.0,1.0,1.0
Dexter McCluster,2010,dexter mccluster,,,,,,
Arrelious Benn,2010,arrelious benn,,,,,,
Golden Tate,2010,golden tate,591.0,4256.0,591.0,4256.0,1.0,1.0
Damian Williams,2010,damian williams,452.0,4176.0,452.0,4176.0,1.0,1.0
Brandon LaFell,2010,brandon lafell,444.0,4112.0,444.0,4112.0,1.0,1.0
Emmanuel Sanders,2010,emmanuel sanders,534.0,4842.0,534.0,4842.0,1.0,1.0
Jordan Shipley,2010,jordan shipley,454.0,3787.0,454.0,3787.0,1.0,1.0
Eric Decker,2010,eric decker,554.0,3943.0,554.0,3943.0,1.0,1.0
Andre Roberts,2010,andre roberts,581.0,4571.0,581.0,4571.0,1.0,1.0
Armanti Edwards,2010,armanti edwards,444.0,4112.0,444.0,4112.0,1.0,1.0
Taylor Price,2010,taylor price,,,,,,
Mardy Gilyard,2010,mardy gilyard,527.0,3764.0,527.0,3764.0,1.0,1.0
Mike Williams,2010,mike williams,,,,,,
Marcus Easley,2010,marcus easley,426.0,3511.0,426.0,3511.0,1.0,1.0
Jacoby Ford,2010,jacoby ford,463.0,4495.0,463.0,4495.0,1.0,1.0
David Reed,2010,david reed,476.0,4452.0,476.0,4452.0,1.0,1.0
Riley Cooper,2010,riley cooper,516.0,4591.0,516.0,4591.0,1.0,1.0
Kerry Meier,2010,kerry meier,494.0,4581.0,494.0,4581.0,1.0,1.0
Carlton Mitchell,2010,carlton mitchell,418.0,3640.0,418.0,3640.0,1.0,1.0
Dezmon Briscoe,2010,dezmon briscoe,454.0,3787.0,454.0,3787.0,1.0,1.0
Antonio Brown,2010,antonio brown,534.0,4842.0,534.0,4842.0,1.0,1.0
Trindon Holliday,2010,trindon holliday,544.0,4364.0,544.0,4364.0,1.0,1.0
David Gettis,2010,david gettis,444.0,4112.0,444.0,4112.0,1.0,1.0
Joe Webb,2010,joe webb,536.0,4302.0,536.0,4302.0,1.0,1.0
Kyle Williams,2010,kyle williams,,,,,,
Terrence Austin,2010,terrence austin,524.0,3492.0,524.0,3492.0,1.0,1.0
Marc Mariani,2010,marc mariani,452.0,4176.0,452.0,4176.0,1.0,1.0
Dorin Dickerson,2010,dorin dickerson,544.0,4364.0,544.0,4364.0,1.0,1.0
Tim Toone,2010,tim toone,548.0,4695.0,548.0,4695.0,1.0,1.0
A.J. Green,2011,aj green,584.0,4946.0,584.0,4946.0,1.0,1.0
Julio Jones,2011,julio jones,503.0,4697.0,503.0,4697.0,1.0,1.0
Jonathan Baldwin,2011,jonathan baldwin,,,,,,
Titus Young,2011,titus young,607.0,4477.0,607.0,4477.0,1.0,1.0
Torrey Smith,2011,torrey smith,464.0,4442.0,464.0,4442.0,1.0,1.0
Greg Little,2011,greg little,457.0,3827.0,457.0,3827.0,1.0,1.0
Randall Cobb,2011,randall cobb,,,,,,
Austin Pettis,2011,austin pettis,577.0,3890.0,577.0,3890.0,1.0,1.0
Leonard Hankerson,2011,leonard hankerson,590.0,4918.0,590.0,4918.0,1.0,1.0
Vincent Brown,2011,vincent brown,,,,,,
Jerrel Jernigan,2011,jerrel jernigan,532.0,4948.0,532.0,4948.0,1.0,1.0
Kris Durham,2011,kris durham,523.0,4538.0,523.0,4538.0,1.0,1.0
Clyde Gates,2011,clyde gates,533.0,4653.0,533.0,4653.0,1.0,1.0
Greg Salas,2011,greg salas,577.0,3890.0,577.0,3890.0,1.0,1.0
Cecil Shorts,2011,cecil shorts,464.0,3922.0,464.0,3922.0,1.0,1.0
Tandon Doss,2011,tandon doss,464.0,4442.0,464.0,4442.0,1.0,1.0
Kealoha Pilares,2011,kealoha pilares,458.0,3445.0,458.0,3445.0,1.0,1.0
Denarius Moore,2011,denarius moore,440.0,4067.0,440.0,4067.0,1.0,1.0
Jeremy Kerley,2011,jeremy kerley,506.0,4834.0,506.0,4834.0,1.0,1.0
Niles Paul,2011,niles paul,590.0,4918.0,590.0,4918.0,1.0,1.0
Ryan Whalen,2011,ryan whalen,584.0,4946.0,584.0,4946.0,1.0,1.0
Dwayne Harris,2011,dwayne harris,568.0,3875.0,568.0,3875.0,1.0,1.0
Aldrick Robinson,2011,aldrick robinson,590.0,4918.0,590.0,4918.0,1.0,1.0
Ronald Johnson,2011,ronald johnson,,,,,,
Scotty McKnight,2011,scotty mcknight,506.0,4834.0,506.0,4834.0,1.0,1.0
Stephen Burton,2011,stephen burton,497.0,4341.0,497.0,4341.0,1.0,1.0
David Ausberry,2011,david ausberry,440.0,4067.0,440.0,4067.0,1.0,1.0
DeMarco Sampson,2011,demarco sampson,547.0,5151.0,547.0,5151.0,1.0,1.0
Justin Blackmon,2012,justin blackmon,466.0,3564.0,466.0,3564.0,1.0,1.0
Michael Floyd,2012,michael floyd,538.0,4858.0,538.0,4858.0,1.0,1.0
Kendall Wright,2012,kendall wright,562.0,4697.0,562.0,4697.0,1.0,1.0
A.J. Jenkins,2012,aj jenkins,,,,,,
Brian Quick,2012,brian quick,544.0,4829.0,544.0,4829.0,1.0,1.0
Stephen Hill,2012,stephen hill,540.0,4465.0,540.0,4465.0,1.0,1.0
Alshon Jeffery,2012,alshon jeffery,455.0,4150.0,455.0,4150.0,1.0,1.0
Ryan Broyles,2012,ryan broyles,668.0,5490.0,668.0,5490.0,1.0,1.0
Rueben Randle,2012,rueben randle,568.0,5662.0,568.0,5662.0,1.0,1.0
DeVier Posey,2012,devier posey,422.0,3582.0,422.0,3582.0,1.0,1.0
T.J. Graham,2012,tj graham,526.0,3998.0,526.0,3998.0,1.0,1.0
Mohamed Sanu,2012,mohamed sanu,517.0,4403.0,517.0,4403.0,1.0,1.0
T.Y. Hilton,2012,ty hilton,522.0,4285.0,522.0,4285.0,1.0,1.0
Chris Givens,2012,chris givens,544.0,4829.0,544.0,4829.0,1.0,1.0
Travis Benjamin,2012,travis benjamin,559.0,4163.0,559.0,4163.0,1.0,1.0
Joe Adams,2012,joe adams,506.0,4897.0,506.0,4897.0,1.0,1.0
Devon Wylie,2012,devon wylie,,,,,,
Jarius Wright,2012,jarius wright,495.0,4368.0,495.0,4368.0,1.0,1.0
Keshawn Martin,2012,keshawn martin,422.0,3582.0,422.0,3582.0,1.0,1.0
Nick Toon,2012,nick toon,,,,,,
Greg Childs,2012,greg childs,495.0,4368.0,495.0,4368.0,1.0,1.0
Danny Coale,2012,danny coale,557.0,4351.0,557.0,4351.0,1.0,1.0
Marvin Jones,2012,marvin jones,517.0,4403.0,517.0,4403.0,1.0,1.0
Juron Criner,2012,juron criner,483.0,5255.0,483.0,5255.0,1.0,1.0
B.J. Cunningham,2012,bj cunningham,457.0,4550.0,457.0,4550.0,1.0,1.0
Marvin McNutt,2012,marvin mcnutt,534.0,5297.0,534.0,5297.0,1.0,1.0
Tommy Streeter,2012,tommy streeter,513.0,5008.0,513.0,5008.0,1.0,1.0
LaVon Brazill,2012,lavon brazill,522.0,4285.0,522.0,4285.0,1.0,1.0
Rishard Matthews,2012,rishard matthews,457.0,4550.0,457.0,4550.0,1.0,1.0
Toney Clemons,2012,toney clemons,536.0,4997.0,536.0,4997.0,1.0,1.0
Jeremy Ebert,2012,jeremy ebert,,,,,,
Junior Hemingway,2012,junior hemingway,,,,,,
Jordan White,2012,jordan white,540.0,4465.0,540.0,4465.0,1.0,1.0
Tavon Austin,2013,tavon austin,541.0,4579.0,541.0,4579.0,1.0,1.0
DeAndre Hopkins,2013,deandre hopkins,503.0,4250.0,503.0,4250.0,1.0,1.0
Cordarrelle Patterson,2013,cordarrelle patterson,474.0,3317.0,474.0,3317.0,1.0,1.0
Justin Hunter,2013,justin hunter,529.0,4771.0,529.0,4771.0,1.0,1.0
Robert Woods,2013,robert woods,485.0,3785.0,485.0,3785.0,1.0,1.0
Aaron Dobson,2013,aaron dobson,,,,,,
Terrance Williams,2013,terrance williams,632.0,5658.0,632.0,5658.0,1.0,1.0
Keenan Allen,2013,keenan allen,,,,,,
Marquise Goodwin,2013,marquise goodwin,485.0,3785.0,485.0,3785.0,1.0,1.0
Markus Wheaton,2013,markus wheaton,563.0,4942.0,563.0,4942.0,1.0,1.0
Stedman Bailey,2013,stedman bailey,541.0,4579.0,541.0,4579.0,1.0,1.0
Ace Sanders,2013,ace sanders,575.0,4991.0,575.0,4991.0,1.0,1.0
Josh Boyce,2013,josh boyce,,,,,,
Chris Harper,2013,chris harper,386.0,3977.0,386.0,3977.0,1.0,1.0
Quinton Patton,2013,quinton patton,,,,,,
Denard Robinson,2013,denard robinson,575.0,4991.0,575.0,4991.0,1.0,1.0
Kenny Stills,2013,kenny stills,,,,,,
Tavarres King,2013,tavarres king,582.0,4855.0,582.0,4855.0,1.0,1.0
Corey Fuller,2013,corey fuller,729.0,6375.0,729.0,6375.0,1.0,1.0
Ryan Swope,2013,ryan swope,600.0,4829.0,600.0,4829.0,1.0,1.0
Justin Brown,2013,justin brown,563.0,4942.0,563.0,4942.0,1.0,1.0
Alan Bonner,2013,alan bonner,503.0,4250.0,503.0,4250.0,1.0,1.0
Cobi Hamilton,2013,cobi hamilton,526.0,4610.0,526.0,4610.0,1.0,1.0
Brice Butler,2013,brice butler,551.0,4925.0,551.0,4925.0,1.0,1.0
Charles Johnson,2013,charles johnson,,,,,,
Kevin Dorsey,2013,kevin dorsey,,,,,,
Marquess Wilson,2013,marquess wilson,483.0,4826.0,483.0,4826.0,1.0,1.0
Aaron Mellette,2013,aaron mellette,532.0,5457.0,532.0,5457.0,1.0,1.0
Sammy Watkins,2014,sammy watkins,511.0,4468.0,169.0,1755.0,0.33072407045009783,0.39279319606087737
Mike Evans,2014,mike evans,,,,,,
Odell Beckham Jr.,2014,odell beckham,558.0,5369.0,284.0,2214.0,0.5089605734767025,0.41236729372322595
Brandin Cooks,2014,brandin cooks,,,,,,
Kelvin Benjamin,2014,kelvin benjamin,435.0,4223.0,280.0,3289.0,0.6436781609195402,0.7788302154866209
Marqise Lee,2014,marqise lee,569.0,3880.0,249.0,1213.0,0.437609841827768,0.31262886597938144
Jordan Matthews,2014,jordan matthews,477.0,4790.0,217.0,2614.0,0.4549266247379455,0.5457202505219206
Paul Richardson,2014,paul richardson,398.0,3881.0,139.0,1650.0,0.3492462311557789,0.4251481576913167
Davante Adams,2014,davante adams,,,,,,
Cody Latimer,2014,cody latimer,670.0,5249.0,219.0,1659.0,0.32686567164179103,0.31606020194322726
Allen Robinson,2014,allen robinson,569.0,3880.0,249.0,1213.0,0.437609841827768,0.31262886597938144
Jarvis Landry,2014,jarvis landry,581.0,5672.0,33.0,230.0,0.05679862306368331,0.04055007052186178
Josh Huff,2014,josh huff,477.0,4790.0,217.0,2614.0,0.4549266247379455,0.5457202505219206
Donte Moncrief,2014,donte moncrief,514.0,4669.0,150.0,1107.0,0.2918287937743191,0.23709573784536303
John Brown,2014,john brown,553.0,5183.0,553.0,5183.0,1.0,1.0
Dri Archer,2014,dri archer,579.0,4946.0,242.0,2336.0,0.41796200345423146,0.4723008491710473
Jalen Saunders,2014,jalen saunders,460.0,4278.0,203.0,2324.0,0.44130434782608696,0.5432445067788686
Bruce Ellington,2014,bruce ellington,,,,,,
Shaquelle Evans,2014,shaquelle evans,460.0,4278.0,203.0,2324.0,0.44130434782608696,0.5432445067788686
Martavis Bryant,2014,martavis bryant,579.0,4946.0,242.0,2336.0,0.41796200345423146,0.4723008491710473
Kevin Norwood,2014,kevin norwood,398.0,3881.0,139.0,1650.0,0.3492462311557789,0.4251481576913167
Ryan Grant,2014,ryan grant,590.0,5071.0,113.0,1058.0,0.19152542372881357,0.20863734963518044
Devin Street,2014,devin street,579.0,4661.0,53.0,358.0,0.09153713298791019,0.07680755202746192
Jared Abbrederis,2014,jared abbrederis,,,,,,
Robert Herron,2014,robert herron,,,,,,
T.J. Jones,2014,tj jones,623.0,5218.0,167.0,1671.0,0.2680577849117175,0.3202376389421234
Matt Hazel,2014,matt hazel,581.0,5672.0,33.0,230.0,0.05679862306368331,0.04055007052186178
Walt Powell,2014,walt powell,553.0,5183.0,553.0,5183.0,1.0,1.0
Quincy Enunwa,2014,quincy enunwa,460.0,4278.0,203.0,2324.0,0.44130434782608696,0.5432445067788686
Michael Campanaro,2014,michael campanaro,593.0,5714.0,593.0,5714.0,1.0,1.0
Jeff Janis,2014,jeff janis,,,,,,
James Wright,2014,james wright,576.0,4964.0,28.0,135.0,0.04861111111111111,0.02719580983078163
Tevin Reese,2014,tevin reese,,,,,,
Jeremy Gallon,2014,jeremy gallon,,,,,,
Amari Cooper,2015,amari cooper,549.0,4733.0,280.0,1967.0,0.5100182149362478,0.41559264736953305
Kevin White,2015,kevin white,607.0,4473.0,165.0,1643.0,0.27182866556836904,0.367315001117818
DeVante Parker,2015,devante parker,592.0,4614.0,342.0,3297.0,0.5777027027027027,0.7145643693107933
Nelson Agholor,2015,nelson agholor,601.0,5420.0,183.0,1858.0,0.30449251247920134,0.34280442804428046
Breshad Perriman,2015,breshad perriman,514.0,4584.0,514.0,4584.0,1.0,1.0
Phillip Dorsett,2015,phillip dorsett,611.0,5689.0,258.0,1790.0,0.42225859247135844,0.3146422921427316
Devin Smith,2015,devin smith,479.0,4090.0,196.0,1735.0,0.4091858037578288,0.4242053789731051
Dorial Green-Beckham,2015,dorial greenbeckham,503.0,4715.0,160.0,1666.0,0.31809145129224653,0.35334040296924707
Devin Funchess,2015,devin funchess,520.0,5219.0,201.0,2415.0,0.38653846153846155,0.46273232420003835
Tyler Lockett,2015,tyler lockett,427.0,3445.0,133.0,927.0,0.3114754098360656,0.2690856313497823
Jaelen Strong,2015,jaelen strong,477.0,3989.0,477.0,3989.0,1.0,1.0
Chris Conley,2015,chris conley,,,,,,
Sammie Coates,2015,sammie coates,598.0,5195.0,106.0,1381.0,0.17725752508361203,0.265832531280077
Ty Montgomery,2015,ty montgomery,,,,,,
Jamison Crowder,2015,jamison crowder,530.0,4174.0,144.0,630.0,0.27169811320754716,0.1509343555342597
Justin Hardy,2015,justin hardy,609.0,4839.0,161.0,666.0,0.26436781609195403,0.13763174209547427
Vince Mayle,2015,vince mayle,498.0,5026.0,498.0,5026.0,1.0,1.0
DeAndre Smelter,2015,deandre smelter,,,,,,
Rashad Greene,2015,rashad greene,545.0,4016.0,175.0,1233.0,0.3211009174311927,0.3070219123505976
Stefon Diggs,2015,stefon diggs,508.0,3947.0,164.0,1883.0,0.3228346456692913,0.4770711933113757
Tony Lippett,2015,tony lippett,592.0,4614.0,342.0,3297.0,0.5777027027027027,0.7145643693107933
JJ Nelson,2015,jj nelson,561.0,5912.0,561.0,5912.0,1.0,1.0
Kenny Bell,2015,kenny bell,,,,,,
Keith Mumphery,2015,keith mumphery,477.0,3989.0,477.0,3989.0,1.0,1.0
Kaelin Clay,2015,kaelin clay,,,,,,
Geremy Davis,2015,geremy davis,599.0,4988.0,52.0,272.0,0.08681135225375626,0.0545308740978348
Evan Spencer,2015,evan spencer,530.0,4174.0,144.0,630.0,0.27169811320754716,0.1509343555342597
Bud Sasser,2015,bud sasser,505.0,4200.0,505.0,4200.0,1.0,1.0
Darren Waller,2015,darren waller,514.0,4584.0,514.0,4584.0,1.0,1.0
Neal Sterling,2015,neal sterling,545.0,4016.0,175.0,1233.0,0.3211009174311927,0.3070219123505976
Andre Debose,2015,andre debose,549.0,4733.0,280.0,1967.0,0.5100182149362478,0.41559264736953305
Da'Ron Brown,2015,daron brown,,,,,,
Dezmin Lewis,2015,dezmin lewis,564.0,4127.0,209.0,672.0,0.37056737588652483,0.1628301429609886
Mario Alford,2015,mario alford,492.0,3851.0,116.0,736.0,0.23577235772357724,0.19111918982082576
Tre McBride,2015,tre mcbride,503.0,4715.0,160.0,1666.0,0.31809145129224653,0.35334040296924707
Corey Coleman,2016,corey coleman,600.0,4837.0,199.0,2060.0,0.33166666666666667,0.42588381228033906
Will Fuller,2016,will fuller,612.0,5911.0,220.0,2010.0,0.35947712418300654,0.3400439857892066
Josh Doctson,2016,josh doctson,549.0,4457.0,34.0,260.0,0.061930783242258654,0.058335203051379854
Laquon Treadwell,2016,laquon treadwell,434.0,3169.0,72.0,774.0,0.16589861751152074,0.24424108551593562
Sterling Shepard,2016,sterling shepard,614.0,4728.0,155.0,1634.0,0.252442996742671,0.34560067681895096
Michael Thomas,2016,michael thomas,,,,,,
Tyler Boyd,2016,tyler boyd,490.0,4353.0,155.0,1730.0,0.3163265306122449,0.3974270617964622
Braxton Miller,2016,braxton miller,612.0,5911.0,220.0,2010.0,0.35947712418300654,0.3400439857892066
Leonte Carroo,2016,leonte carroo,580.0,5075.0,167.0,1080.0,0.28793103448275864,0.21280788177339902
Chris Moore,2016,chris moore,612.0,5014.0,142.0,1412.0,0.23202614379084968,0.28161148783406464
Malcolm Mitchell,2016,malcolm mitchell,,,,,,
Ricardo Louis,2016,ricardo louis,600.0,4837.0,199.0,2060.0,0.33166666666666667,0.42588381228033906
Pharoh Cooper,2016,pharoh cooper,466.0,3773.0,76.0,641.0,0.1630901287553648,0.1698913331566393
Demarcus Robinson,2016,demarcus robinson,,,,,,
Tajae Sharpe,2016,tajae sharpe,536.0,4822.0,131.0,1445.0,0.24440298507462688,0.29966818747407714
Jordan Payton,2016,jordan payton,600.0,4837.0,199.0,2060.0,0.33166666666666667,0.42588381228033906
Trevor Davis,2016,trevor davis,,,,,,
Tyreek Hill,2016,tyreek hill,,,,,,
Rashard Higgins,2016,rashard higgins,600.0,4837.0,199.0,2060.0,0.33166666666666667,0.42588381228033906
Moritz Boehringer,2016,moritz boehringer,434.0,3169.0,72.0,774.0,0.16589861751152074,0.24424108551593562
Jakeem Grant,2016,jakeem grant,580.0,5075.0,167.0,1080.0,0.28793103448275864,0.21280788177339902
Kolby Listenbee,2016,kolby listenbee,459.0,4721.0,69.0,811.0,0.1503267973856209,0.17178563863588223
Cody Core,2016,cody core,490.0,4353.0,155.0,1730.0,0.3163265306122449,0.3974270617964622
Mike Thomas,2016,mike thomas,466.0,3773.0,76.0,641.0,0.1630901287553648,0.1698913331566393
Aaron Burbridge,2016,aaron burbridge,,,,,,
Devin Lucien,2016,devin lucien,,,,,,
Demarcus Ayers,2016,demarcus ayers,580.0,5853.0,183.0,1800.0,0.31551724137931036,0.30753459764223473
Daniel Braverman,2016,daniel braverman,519.0,4307.0,174.0,911.0,0.3352601156069364,0.21151613652194104
Devin Fuller,2016,devin fuller,600.0,4714.0,121.0,1127.0,0.20166666666666666,0.23907509546033093
Charone Peake,2016,charone peake,593.0,5536.0,94.0,104.0,0.15851602023608768,0.01878612716763006
Kenny Lawler,2016,kenny lawler,470.0,4084.0,59.0,275.0,0.125531914893617,0.06733594515181195
Corey Davis,2017,corey davis,486.0,4672.0,80.0,808.0,0.1646090534979424,0.17294520547945205
Mike Williams,2017,mike williams,560.0,4828.0,33.0,37.0,0.05892857142857143,0.0076636288318144155
John Ross,2017,john ross,541.0,4314.0,39.0,217.0,0.07208872458410351,0.050301344459898006
Zay Jones,2017,zay jones,450.0,4330.0,255.0,3142.0,0.5666666666666667,0.725635103926097
Curtis Samuel,2017,curtis samuel,535.0,5620.0,148.0,1704.0,0.2766355140186916,0.303202846975089
JuJu Smith-Schuster,2017,juju smithschuster,588.0,5167.0,132.0,1634.0,0.22448979591836735,0.31623766208631704
Cooper Kupp,2017,cooper kupp,530.0,3842.0,297.0,2617.0,0.560377358490566,0.681155648099948
Taywan Taylor,2017,taywan taylor,486.0,4672.0,80.0,808.0,0.1646090534979424,0.17294520547945205
ArDarius Stewart,2017,ardarius stewart,546.0,4896.0,246.0,3317.0,0.45054945054945056,0.6774918300653595
Carlos Henderson,2017,carlos henderson,549.0,4931.0,60.0,392.0,0.1092896174863388,0.07949705941999595
Chris Godwin,2017,chris godwin,,,,,,
Kenny Golladay,2017,kenny golladay,579.0,4331.0,129.0,913.0,0.22279792746113988,0.21080581851766336
Chad Williams,2017,chad williams,636.0,6155.0,90.0,1169.0,0.14150943396226415,0.1899268887083672
Amara Darboh,2017,amara darboh,540.0,4694.0,144.0,1129.0,0.26666666666666666,0.24051981252662974
Dede Westbrook,2017,dede westbrook,622.0,5140.0,108.0,703.0,0.17363344051446947,0.13677042801556422
Josh Reynolds,2017,josh reynolds,530.0,3842.0,297.0,2617.0,0.560377358490566,0.681155648099948
Mack Hollins,2017,mack hollins,603.0,4540.0,209.0,1862.0,0.3466003316749585,0.4101321585903084
Josh Malone,2017,josh malone,541.0,4314.0,39.0,217.0,0.07208872458410351,0.050301344459898006
Ryan Switzer,2017,ryan switzer,476.0,3866.0,34.0,112.0,0.07142857142857142,0.028970512157268494
Jehu Chesson,2017,jehu chesson,,,,,,
Chad Hansen,2017,chad hansen,546.0,4896.0,246.0,3317.0,0.45054945054945056,0.6774918300653595
Shelton Gibson,2017,shelton gibson,603.0,4540.0,209.0,1862.0,0.3466003316749585,0.4101321585903084
Rodney Adams,2017,rodney adams,581.0,3864.0,173.0,910.0,0.2977624784853701,0.23550724637681159
Isaiah McKenzie,2017,isaiah mckenzie,549.0,4931.0,60.0,392.0,0.1092896174863388,0.07949705941999595
DeAngelo Yancey,2017,deangelo yancey,,,,,,
Trent Taylor,2017,trent taylor,,,,,,
Robert Davis,2017,robert davis,592.0,5169.0,225.0,2697.0,0.38006756756756754,0.5217643644805572
Stacy Coley,2017,stacy coley,581.0,3864.0,173.0,910.0,0.2977624784853701,0.23550724637681159
David Moore,2017,david moore,540.0,4694.0,144.0,1129.0,0.26666666666666666,0.24051981252662974
Isaiah Ford,2017,isaiah ford,467.0,3790.0,67.0,371.0,0.14346895074946467,0.09788918205804749
Noah Brown,2017,noah brown,476.0,3866.0,34.0,112.0,0.07142857142857142,0.028970512157268494
Malachi Dupre,2017,malachi dupre,,,,,,
D.J. Moore,2018,dj moore,491.0,4230.0,175.0,1725.0,0.3564154786150713,0.4078014184397163
Calvin Ridley,2018,calvin ridley,509.0,4608.0,76.0,672.0,0.14931237721021612,0.14583333333333334
Courtland Sutton,2018,courtland sutton,545.0,4584.0,211.0,1383.0,0.3871559633027523,0.30170157068062825
Dante Pettis,2018,dante pettis,,,,,,
Christian Kirk,2018,christian kirk,592.0,5730.0,245.0,2514.0,0.41385135135135137,0.4387434554973822
Anthony Miller,2018,anthony miller,464.0,3452.0,181.0,1877.0,0.3900862068965517,0.5437427578215527
James Washington,2018,james washington,582.0,5239.0,84.0,1203.0,0.14432989690721648,0.2296239740408475
DJ Chark,2018,dj chark,506.0,4042.0,141.0,987.0,0.27865612648221344,0.2441860465116279
Michael Gallup,2018,michael gallup,480.0,3868.0,244.0,2258.0,0.5083333333333333,0.5837642192347466
Tre'Quan Smith,2018,trequan smith,,,,,,
Keke Coutee,2018,keke coutee,516.0,5190.0,97.0,904.0,0.187984496124031,0.17418111753371868
Antonio Callaway,2018,antonio callaway,559.0,5163.0,190.0,1931.0,0.33989266547406083,0.3740073600619795
DaeSean Hamilton,2018,daesean hamilton,545.0,4584.0,211.0,1383.0,0.3871559633027523,0.30170157068062825
Jaleel Scott,2018,jaleel scott,557.0,3836.0,332.0,2704.0,0.5960502692998204,0.7049009384775808
J'Mon Moore,2018,jmon moore,,,,,,
Justin Watson,2018,justin watson,,,,,,
Daurice Fountain,2018,daurice fountain,472.0,3550.0,163.0,1253.0,0.3453389830508475,0.35295774647887324
Jordan Lasley,2018,jordan lasley,557.0,3836.0,332.0,2704.0,0.5960502692998204,0.7049009384775808
Marquez Valdes-Scantling,2018,marquez valdesscantling,,,,,,
Damion Ratley,2018,damion ratley,559.0,5163.0,190.0,1931.0,0.33989266547406083,0.3740073600619795
Deon Cain,2018,deon cain,472.0,3550.0,163.0,1253.0,0.3453389830508475,0.35295774647887324
Ray-Ray McCloud,2018,rayray mccloud,441.0,4020.0,106.0,1328.0,0.24036281179138322,0.33034825870646767
Dylan Cantrell,2018,dylan cantrell,570.0,4755.0,22.0,74.0,0.03859649122807018,0.015562565720294427
Russell Gage,2018,russell gage,509.0,4608.0,76.0,672.0,0.14931237721021612,0.14583333333333334
Tremon Smith,2018,tremon smith,,,,,,
Equanimeous St. Brown,2018,equanimeous st brown,,,,,,
Cedrick Wilson Jr.,2018,cedrick wilson,480.0,3868.0,244.0,2258.0,0.5083333333333333,0.5837642192347466
Braxton Berrios,2018,braxton berrios,,,,,,
Javon Wims,2018,javon wims,464.0,3452.0,181.0,1877.0,0.3900862068965517,0.5437427578215527
Marcell Ateman,2018,marcell ateman,545.0,4605.0,156.0,1455.0,0.28623853211009176,0.31596091205211724
Richie James,2018,richie james,,,,,,
Auden Tate,2018,auden tate,488.0,4026.0,97.0,778.0,0.1987704918032787,0.19324391455538997
Austin Proehl,2018,austin proehl,441.0,4020.0,106.0,1328.0,0.24036281179138322,0.33034825870646767
Trey Quinn,2018,trey quinn,534.0,4136.0,122.0,1145.0,0.22846441947565543,0.2768375241779497
Marquise Brown,2019,marquise brown,537.0,4744.0,296.0,2870.0,0.5512104283054003,0.6049747048903878
N'Keal Harry,2019,nkeal harry,,,,,,
Deebo Samuel,2019,deebo samuel,,,,,,
A.J. Brown,2019,aj brown,423.0,3176.0,85.0,932.0,0.20094562647754138,0.29345088161209065
Mecole Hardman,2019,mecole hardman,,,,,,
JJ Arcega-Whiteside,2019,jj arcegawhiteside,590.0,4452.0,152.0,980.0,0.2576271186440678,0.22012578616352202
Parris Campbell,2019,parris campbell,631.0,4804.0,105.0,970.0,0.1664025356576862,0.2019150707743547
Andy Isabella,2019,andy isabella,470.0,3849.0,162.0,1759.0,0.3446808510638298,0.45700181865419587
D.K. Metcalf,2019,dk metcalf,395.0,3664.0,140.0,1120.0,0.35443037974683544,0.3056768558951965
Diontae Johnson,2019,diontae johnson,668.0,5222.0,226.0,2491.0,0.3383233532934132,0.47702029873611645
Jalen Hurd,2019,jalen hurd,,,,,,
Terry McLaurin,2019,terry mclaurin,489.0,4135.0,226.0,2428.0,0.4621676891615542,0.5871825876662636
Miles Boykin,2019,miles boykin,537.0,4744.0,296.0,2870.0,0.5512104283054003,0.6049747048903878
Hakeem Butler,2019,hakeem butler,470.0,3849.0,162.0,1759.0,0.3446808510638298,0.45700181865419587
Gary Jennings Jr,2019,gary jennings,395.0,3664.0,140.0,1120.0,0.35443037974683544,0.3056768558951965
Riley Ridley,2019,riley ridley,502.0,4474.0,76.0,572.0,0.15139442231075698,0.1278497988377291
Hunter Renfrow,2019,hunter renfrow,522.0,3675.0,359.0,3047.0,0.6877394636015326,0.8291156462585034
Darius Slayton,2019,darius slayton,573.0,4302.0,132.0,1539.0,0.23036649214659685,0.3577405857740586
KeeSean Johnson,2019,keesean johnson,470.0,3849.0,162.0,1759.0,0.3446808510638298,0.45700181865419587
Travis Fulgham,2019,travis fulgham,556.0,3862.0,300.0,1276.0,0.539568345323741,0.33039875712066286
Juwann Winfree,2019,juwann winfree,554.0,4237.0,104.0,826.0,0.18772563176895307,0.19494925654944537
Marcus Green,2019,marcus green,598.0,5212.0,81.0,310.0,0.1354515050167224,0.05947812739831159
Kelvin Harmon,2019,kelvin harmon,489.0,4135.0,226.0,2428.0,0.4621676891615542,0.5871825876662636
Scott Miller,2019,scott miller,,,,,,
John Ursua,2019,john ursua,395.0,3664.0,140.0,1120.0,0.35443037974683544,0.3056768558951965
Terry Godwin,2019,terry godwin,544.0,4090.0,86.0,1043.0,0.15808823529411764,0.2550122249388753
Dillon Mitchell,2019,dillon mitchell,576.0,4284.0,68.0,690.0,0.11805555555555555,0.16106442577030813
Olabisi Johnson,2019,olabisi johnson,576.0,4284.0,68.0,690.0,0.11805555555555555,0.16106442577030813
Henry Ruggs III,2020,henry ruggs,485.0,3281.0,65.0,197.0,0.13402061855670103,0.060042669917708014
Jerry Jeudy,2020,jerry jeudy,464.0,3330.0,53.0,483.0,0.11422413793103449,0.14504504504504503
CeeDee Lamb,2020,ceedee lamb,574.0,5318.0,198.0,1803.0,0.34494773519163763,0.3390372320421211
Jalen Reagor,2020,jalen reagor,604.0,4800.0,131.0,1335.0,0.21688741721854304,0.278125
Justin Jefferson,2020,justin jefferson,414.0,3256.0,155.0,2020.0,0.3743961352657005,0.6203931203931204
Brandon Aiyuk,2020,brandon aiyuk,,,,,,
Tee Higgins,2020,tee higgins,588.0,4846.0,63.0,521.0,0.10714285714285714,0.10751134956665291
Michael Pittman Jr.,2020,michael pittman,487.0,3927.0,148.0,858.0,0.30390143737166325,0.2184873949579832
Laviska Shenault Jr.,2020,laviska shenault,562.0,4258.0,156.0,295.0,0.2775800711743772,0.0692813527477689
KJ Hamler,2020,kj hamler,464.0,3330.0,53.0,483.0,0.11422413793103449,0.14504504504504503
Chase Claypool,2020,chase claypool,482.0,3886.0,61.0,808.0,0.12655601659751037,0.20792588780236748
Van Jefferson,2020,van jefferson,610.0,4794.0,126.0,1091.0,0.20655737704918034,0.2275761368377138
Denzel Mims,2020,denzel mims,492.0,4031.0,115.0,1479.0,0.23373983739837398,0.3669064748201439
Lynn Bowden Jr.,2020,lynn bowden,485.0,3281.0,65.0,197.0,0.13402061855670103,0.060042669917708014
Bryan Edwards,2020,bryan edwards,485.0,3281.0,65.0,197.0,0.13402061855670103,0.060042669917708014
Devin Duvernay,2020,devin duvernay,413.0,3693.0,77.0,699.0,0.1864406779661017,0.1892770105605199
Gabe Davis,2020,gabe davis,477.0,4493.0,53.0,714.0,0.1111111111111111,0.15891386601379925
Antonio Gandy-Golden,2020,antonio gandygolden,463.0,3547.0,213.0,959.0,0.46004319654427644,0.27036932619114745
Joe Reed,2020,joe reed,570.0,5037.0,101.0,639.0,0.17719298245614035,0.1268612269207862
Tyler Johnson,2020,tyler johnson,,,,,,
Collin Johnson,2020,collin johnson,562.0,4258.0,156.0,295.0,0.2775800711743772,0.0692813527477689
Quintez Cephus,2020,quintez cephus,542.0,5209.0,74.0,283.0,0.13653136531365315,0.054329045882127086
John Hightower,2020,john hightower,604.0,4800.0,131.0,1335.0,0.21688741721854304,0.278125
Isaiah Coulter,2020,isaiah coulter,517.0,4469.0,170.0,1544.0,0.3288201160541586,0.34549116133363167
Darnell Mooney,2020,darnell mooney,566.0,4373.0,45.0,175.0,0.07950530035335689,0.040018294077292474
K.J. Osborn,2020,kj osborn,414.0,3256.0,155.0,2020.0,0.3743961352657005,0.6203931203931204
Donovan Peoples-Jones,2020,donovan peoplesjones,517.0,4468.0,88.0,883.0,0.1702127659574468,0.19762757385854968
Quez Watkins,2020,quez watkins,604.0,4800.0,131.0,1335.0,0.21688741721854304,0.278125
James Proche,2020,james proche,413.0,3693.0,77.0,699.0,0.1864406779661017,0.1892770105605199
Isaiah Hodgins,2020,isaiah hodgins,477.0,4493.0,53.0,714.0,0.1111111111111111,0.15891386601379925
Dezmon Patmon,2020,dezmon patmon,487.0,3927.0,148.0,858.0,0.30390143737166325,0.2184873949579832
Freddie Swain,2020,freddie swain,491.0,4583.0,40.0,359.0,0.0814663951120163,0.07833296967052149
Jauan Jennings,2020,jauan jennings,,,,,,
K.J. Hill,2020,kj hill,570.0,5037.0,101.0,639.0,0.17719298245614035,0.1268612269207862
Tyrie Cleveland,2020,tyrie cleveland,464.0,3330.0,53.0,483.0,0.11422413793103449,0.14504504504504503
Ja'Marr Chase,2021,jamarr chase,565.0,4602.0,194.0,1764.0,0.3433628318584071,0.3833116036505867
Jaylen Waddle,2021,jaylen waddle,544.0,4260.0,37.0,162.0,0.06801470588235294,0.038028169014084505
DeVonta Smith,2021,devonta smith,560.0,5068.0,51.0,624.0,0.09107142857142857,0.12312549329123915
Kadarius Toney,2021,kadarius toney,499.0,3903.0,133.0,637.0,0.2665330661322645,0.16320778888034845
Rashod Bateman,2021,rashod bateman,380.0,3420.0,70.0,505.0,0.18421052631578946,0.1476608187134503
Elijah Moore,2021,elijah moore,463.0,4026.0,170.0,1561.0,0.367170626349892,0.3877297565822156
Rondale Moore,2021,rondale moore,544.0,4338.0,181.0,1341.0,0.3327205882352941,0.3091286307053942
D'Wayne Eskridge,2021,dwayne eskridge,536.0,4491.0,144.0,989.0,0.26865671641791045,0.22021821420619017
Tutu Atwell,2021,tutu atwell,562.0,3859.0,176.0,1266.0,0.31316725978647686,0.3280642653537186
Terrace Marshall Jr.,2021,terrace marshall,526.0,4041.0,337.0,2150.0,0.6406844106463878,0.5320465231378372
Josh Palmer,2021,josh palmer,604.0,4630.0,162.0,1308.0,0.2682119205298013,0.28250539956803455
Dyami Brown,2021,dyami brown,573.0,3574.0,85.0,616.0,0.14834205933682373,0.17235590374930052
Amari Rodgers,2021,amari rodgers,,,,,,
Nico Collins,2021,nico collins,524.0,4704.0,293.0,2629.0,0.5591603053435115,0.5588860544217688
Anthony Schwartz,2021,anthony schwartz,460.0,4023.0,21.0,324.0,0.04565217391304348,0.08053691275167785
Dez Fitzpatrick,2021,dez fitzpatrick,461.0,3856.0,209.0,2050.0,0.45336225596529284,0.5316390041493776
Amon-Ra St. Brown,2021,amonra st brown,558.0,4880.0,362.0,3544.0,0.6487455197132617,0.7262295081967213
Jaelon Darden,2021,jaelon darden,,,,,,
Tylan Wallace,2021,tylan wallace,380.0,3420.0,70.0,505.0,0.18421052631578946,0.1476608187134503
Jacob Harris,2021,jacob harris,562.0,3859.0,176.0,1266.0,0.31316725978647686,0.3280642653537186
Ihmir Smith-Marsette,2021,ihmir smithmarsette,472.0,3836.0,42.0,366.0,0.08898305084745763,0.0954118873826903
Simi Fehoko,2021,simi fehoko,614.0,4546.0,15.0,77.0,0.024429967426710098,0.016937967443906733
Cornell Powell,2021,cornell powell,,,,,,
Frank Darby,2021,frank darby,590.0,5201.0,195.0,997.0,0.3305084745762712,0.19169390501826572
Marquez Stevenson,2021,marquez stevenson,568.0,4961.0,145.0,1793.0,0.25528169014084506,0.3614190687361419
Shi Smith,2021,shi smith,526.0,4041.0,337.0,2150.0,0.6406844106463878,0.5320465231378372
Racey McMath,2021,racey mcmath,461.0,3856.0,209.0,2050.0,0.45336225596529284,0.5316390041493776
Jalen Camp,2021,jalen camp,582.0,4749.0,277.0,2641.0,0.47594501718213056,0.5561170772794273
Seth Williams,2021,seth williams,533.0,4896.0,67.0,226.0,0.12570356472795496,0.04616013071895425
Dazz Newsome,2021,dazz newsome,595.0,4743.0,135.0,1217.0,0.226890756302521,0.25658865696816363
Mike Strachan,2021,mike strachan,535.0,3948.0,154.0,908.0,0.28785046728971964,0.22998986828774062
Tre Nixon,2021,tre nixon,,,,,,
Ben Skowronek,2021,ben skowronek,562.0,3859.0,176.0,1266.0,0.31316725978647686,0.3280642653537186
Kawaan Baker,2021,kawaan baker,,,,,,
Dax Milne,2021,dax milne,573.0,3574.0,85.0,616.0,0.14834205933682373,0.17235590374930052
Drake London,2022,drake london,544.0,3998.0,302.0,2009.0,0.5551470588235294,0.5025012506253127
Garrett Wilson,2022,garrett wilson,578.0,4222.0,200.0,1520.0,0.3460207612456747,0.3600189483657035
Chris Olave,2022,chris olave,,,,,,
Jameson Williams,2022,jameson williams,554.0,3698.0,37.0,361.0,0.06678700361010831,0.09762033531638724
Jahan Dotson,2022,jahan dotson,533.0,4048.0,160.0,1167.0,0.300187617260788,0.28829051383399207
Treylon Burks,2022,treylon burks,519.0,3873.0,349.0,2869.0,0.6724470134874759,0.7407694293829074
Christian Watson,2022,christian watson,,,,,,
Wan'Dale Robinson,2022,wandale robinson,561.0,4084.0,220.0,1108.0,0.39215686274509803,0.2713026444662096
John Metchie,2022,john metchie,523.0,3798.0,110.0,516.0,0.21032504780114722,0.1358609794628752
Tyquan Thornton,2022,tyquan thornton,,,,,,
George Pickens,2022,george pickens,650.0,4416.0,166.0,1244.0,0.2553846153846154,0.2817028985507246
Alec Pierce,2022,alec pierce,501.0,3940.0,154.0,1385.0,0.3073852295409182,0.35152284263959394
Skyy Moore,2022,skyy moore,,,,,,
Velus Jones Jr.,2022,velus jones,524.0,4338.0,218.0,1963.0,0.41603053435114506,0.4525126786537575
Jalen Tolbert,2022,jalen tolbert,636.0,5028.0,205.0,2036.0,0.3223270440251572,0.4049323786793954
David Bell,2022,david bell,493.0,4115.0,229.0,2044.0,0.4645030425963489,0.4967193195625759
Danny Gray,2022,danny gray,,,,,,
Erik Ezukanma,2022,erik ezukanma,598.0,4436.0,202.0,1952.0,0.3377926421404682,0.4400360685302074
Romeo Doubs,2022,romeo doubs,,,,,,
Calvin Austin III,2022,calvin austin,650.0,4416.0,166.0,1244.0,0.2553846153846154,0.2817028985507246
Khalil Shakir,2022,khalil shakir,617.0,5254.0,193.0,1715.0,0.31280388978930307,0.3264179672630377
Montrell Washington,2022,montrell washington,516.0,4392.0,98.0,638.0,0.18992248062015504,0.145264116575592
Kyle Philips,2022,kyle philips,519.0,3873.0,349.0,2869.0,0.6724470134874759,0.7407694293829074
Jalen Nailor,2022,jalen nailor,559.0,4491.0,121.0,739.0,0.21645796064400716,0.16455132487196616
Michael Woods II,2022,michael woods,493.0,4115.0,229.0,2044.0,0.4645030425963489,0.4967193195625759
Bo Melton,2022,bo melton,473.0,4429.0,114.0,654.0,0.24101479915433405,0.14766312937457665
Dareke Young,2022,dareke young,473.0,4429.0,114.0,654.0,0.24101479915433405,0.14766312937457665
Samori Toure,2022,samori toure,,,,,,
Jaxon Smith-Njigba,2023,jaxon smithnjigba,553.0,4272.0,86.0,527.0,0.15551537070524413,0.12336142322097378
Quentin Johnston,2023,quentin johnston,685.0,4348.0,115.0,791.0,0.1678832116788321,0.18192272309107635
Zay Flowers,2023,zay flowers,452.0,3862.0,124.0,1274.0,0.2743362831858407,0.3298808907301916
Jordan Addison,2023,jordan addison,629.0,4766.0,212.0,1342.0,0.3370429252782194,0.28157784305497274
Jonathan Mingo,2023,jonathan mingo,427.0,3204.0,197.0,1847.0,0.4613583138173302,0.5764669163545568
Jayden Reed,2023,jayden reed,,,,,,
Rashee Rice,2023,rashee rice,,,,,,
Marvin Mims,2023,marvin mims,529.0,4672.0,190.0,1037.0,0.3591682419659735,0.22196061643835616
Tank Dell,2023,tank dell,549.0,4119.0,373.0,2973.0,0.6794171220400729,0.7217771303714494
Jalin Hyatt,2023,jalin hyatt,489.0,3152.0,151.0,1163.0,0.30879345603271985,0.36897208121827413
Cedric Tillman,2023,cedric tillman,506.0,4180.0,19.0,108.0,0.037549407114624504,0.02583732057416268
Josh Downs,2023,josh downs,579.0,3709.0,142.0,711.0,0.2452504317789292,0.19169587489889459
Michael Wilson,2023,michael wilson,634.0,4487.0,218.0,1840.0,0.3438485804416404,0.4100735457989748
Tre Tucker,2023,tre tucker,552.0,5220.0,192.0,2221.0,0.34782608695652173,0.4254789272030651
Derius Davis,2023,derius davis,685.0,4348.0,115.0,791.0,0.1678832116788321,0.18192272309107635
Charlie Jones,2023,charlie jones,594.0,4136.0,139.0,519.0,0.234006734006734,0.1254835589941973
Tyler Scott,2023,tyler scott,358.0,3183.0,83.0,548.0,0.23184357541899442,0.1721646245680176
Justin Shorter,2023,justin shorter,541.0,5026.0,157.0,928.0,0.2902033271719039,0.18463987266215678
Dontayvion Wicks,2023,dontayvion wicks,,,,,,
Puka Nacua,2023,puka nacua,516.0,3663.0,120.0,663.0,0.23255813953488372,0.180999180999181
Parker Washington,2023,parker washington,574.0,4195.0,113.0,1188.0,0.19686411149825783,0.2831942789034565
Kayshon Boutte,2023,kayshon boutte,,,,,,
Trey Palmer,2023,trey palmer,,,,,,
A.T. Perry,2023,at perry,,,,,,
Elijah Higgins,2023,elijah higgins,539.0,5186.0,126.0,1109.0,0.23376623376623376,0.21384496721943694
Xavier Hutchinson,2023,xavier hutchinson,549.0,4119.0,373.0,2973.0,0.6794171220400729,0.7217771303714494
Andrei Iosivas,2023,andrei iosivas,594.0,4136.0,139.0,519.0,0.234006734006734,0.1254835589941973
DeMario Douglas,2023,demario douglas,,,,,,
Antoine Green,2023,antoine green,557.0,4005.0,199.0,1347.0,0.35727109515260325,0.33632958801498125
Colton Dowell,2023,colton dowell,436.0,3345.0,213.0,1610.0,0.48853211009174313,0.4813153961136024
Jalen Brooks,2023,jalen brooks,545.0,4448.0,207.0,1751.0,0.3798165137614679,0.39366007194244607
Ronnie Bell,2023,ronnie bell,,,,,,
Grant Dubose,2023,grant dubose,,,,,,
Marvin Harrison Jr.,2024,marvin harrison,540.0,3943.0,223.0,1896.0,0.412962962962963,0.4808521430382957
Malik Nabers,2024,malik nabers,484.0,3601.0,137.0,380.0,0.2830578512396694,0.10552624271035824
Rome Odunze,2024,rome odunze,471.0,3479.0,128.0,994.0,0.27176220806794055,0.2857142857142857
Brian Thomas,2024,brian thomas,607.0,4905.0,223.0,2919.0,0.3673805601317957,0.5951070336391437
Xavier Worthy,2024,xavier worthy,,,,,,
Ricky Pearsall,2024,ricky pearsall,,,,,,
Xavier Legette,2024,xavier legette,534.0,4070.0,142.0,1470.0,0.26591760299625467,0.36117936117936117
Keon Coleman,2024,keon coleman,544.0,4697.0,308.0,3332.0,0.5661764705882353,0.7093889716840537
Ladd McConkey,2024,ladd mcconkey,613.0,4601.0,437.0,2893.0,0.7128874388254486,0.6287763529667464
Ja'Lynn Polk,2024,jalynn polk,,,,,,
Adonai Mitchell,2024,adonai mitchell,546.0,4104.0,60.0,45.0,0.10989010989010989,0.010964912280701754
Malachi Corley,2024,malachi corley,559.0,3785.0,52.0,236.0,0.09302325581395349,0.06235138705416116
Jermaine Burton,2024,jermaine burton,591.0,3743.0,200.0,632.0,0.338409475465313,0.1688485172321667
Roman Wilson,2024,roman wilson,484.0,3703.0,143.0,1498.0,0.29545454545454547,0.4045368620037807
Jalen McMillan,2024,jalen mcmillan,,,,,,
Luke McCaffrey,2024,luke mccaffrey,600.0,4355.0,315.0,1820.0,0.525,0.417910447761194
Troy Franklin,2024,troy franklin,474.0,3398.0,177.0,1439.0,0.37341772151898733,0.42348440258975867
Javon Baker,2024,javon baker,,,,,,
Devontez Walker,2024,devontez walker,469.0,4028.0,98.0,1054.0,0.208955223880597,0.26166832174776566
Jacob Cowing,2024,jacob cowing,,,,,,
Anthony Gould,2024,anthony gould,546.0,4104.0,60.0,45.0,0.10989010989010989,0.010964912280701754
Ainias Smith,2024,ainias smith,525.0,4453.0,116.0,640.0,0.22095238095238096,0.14372333258477432
Jamari Thrash,2024,jamari thrash,597.0,5062.0,72.0,676.0,0.12060301507537688,0.1335440537337021
Bub Means,2024,bub means,,,,,,
Jha'Quan Jackson,2024,jhaquan jackson,476.0,4513.0,99.0,783.0,0.20798319327731093,0.17349878129847107
Malik Washington,2024,malik washington,533.0,4247.0,45.0,500.0,0.08442776735459662,0.1177301624676242
Johnny Wilson,2024,johnny wilson,525.0,4453.0,116.0,640.0,0.22095238095238096,0.14372333258477432
Casey Washington,2024,casey washington,504.0,4196.0,171.0,1570.0,0.3392857142857143,0.37416587225929454
Tejhaun Palmer,2024,tejhaun palmer,540.0,3943.0,223.0,1896.0,0.412962962962963,0.4808521430382957
Jordan Whittington,2024,jordan whittington,555.0,4350.0,57.0,434.0,0.10270270270270271,0.09977011494252873
Ryan Flournoy,2024,ryan flournoy,601.0,4733.0,133.0,691.0,0.22129783693843594,0.1459961969152757
Brenden Rice,2024,brenden rice,613.0,4601.0,437.0,2893.0,0.7128874388254486,0.6287763529667464
Devaughn Vele,2024,devaughn vele,474.0,3398.0,177.0,1439.0,0.37341772151898733,0.42348440258975867
Tahj Washington,2024,tahj washington,533.0,4247.0,45.0,500.0,0.08442776735459662,0.1177301624676242
Cornelius Johnson,2024,cornelius johnson,613.0,4601.0,437.0,2893.0,0.7128874388254486,0.6287763529667464
Travis Hunter,2025,travis hunter,522.0,4455.0,218.0,1936.0,0.41762452107279696,0.4345679012345679
Tetairoa McMillan,2025,tetairoa mcmillan,517.0,4211.0,194.0,1627.0,0.37524177949709864,0.3863690334837331
Emeka Egbuka,2025,emeka egbuka,,,,,,
Matthew Golden,2025,matthew golden,,,,,,
Jayden Higgins,2025,jayden higgins,545.0,4383.0,145.0,1201.0,0.26605504587155965,0.27401323294547114
Luther Burden,2025,luther burden,526.0,4167.0,155.0,1313.0,0.2946768060836502,0.31509479241660665
Tre Harris,2025,tre harris,486.0,4203.0,170.0,1545.0,0.3497942386831276,0.36759457530335476
Jack Bech,2025,jack bech,591.0,4099.0,183.0,690.0,0.3096446700507614,0.1683337399365699
Kyle Williams,2025,kyle williams,,,,,,
Isaac TeSlaa,2025,isaac teslaa,519.0,3458.0,55.0,505.0,0.10597302504816955,0.14603817235396183
Pat Bryant,2025,pat bryant,538.0,4050.0,206.0,1003.0,0.3828996282527881,0.24765432098765433
Jaylin Noel,2025,jaylin noel,545.0,4383.0,145.0,1201.0,0.26605504587155965,0.27401323294547114
Savion Williams,2025,savion williams,,,,,,
Tai Felton,2025,tai felton,511.0,4480.0,47.0,269.0,0.09197651663405088,0.06004464285714286
Chimere Dike,2025,chimere dike,506.0,4252.0,267.0,2066.0,0.5276679841897233,0.4858889934148636
Dont'e Thornton,2025,donte thornton,591.0,4099.0,183.0,690.0,0.3096446700507614,0.1683337399365699
Arian Smith,2025,arian smith,589.0,3964.0,221.0,1659.0,0.37521222410865873,0.41851664984863773
Jaylin Lane,2025,jaylin lane,503.0,3870.0,143.0,782.0,0.28429423459244535,0.2020671834625323
Jalen Royals,2025,jalen royals,,,,,,
Elic Ayomanor,2025,elic ayomanor,506.0,4252.0,267.0,2066.0,0.5276679841897233,0.4858889934148636
Jordan Watkins,2025,jordan watkins,,,,,,
KeAndre Lambert-Smith,2025,keandre lambertsmith,486.0,4203.0,170.0,1545.0,0.3497942386831276,0.36759457530335476
Tory Horton,2025,tory horton,569.0,4040.0,263.0,2644.0,0.46221441124780316,0.6544554455445545
LaJohntay Wester,2025,lajohntay wester,452.0,4058.0,34.0,510.0,0.0752212389380531,0.1256776737309019
Jimmy Horn,2025,jimmy horn,517.0,4211.0,194.0,1627.0,0.37524177949709864,0.3863690334837331
Tez Johnson,2025,tez johnson,,,,,,
Ricky White,2025,ricky white,569.0,4040.0,263.0,2644.0,0.46221441124780316,0.6544554455445545
Kaden Prather,2025,kaden prather,495.0,4106.0,99.0,1328.0,0.2,0.3234291281052119
Konata Mumpfield,2025,konata mumpfield,541.0,4009.0,214.0,2001.0,0.3955637707948244,0.49912696433025694
Dominic Lovett,2025,dominic lovett,519.0,3458.0,55.0,505.0,0.10597302504816955,0.14603817235396183
Junior Bergen,2025,junior bergen,,,,,,
Carnell Tate,2026,carnell tate,529.0,3922.0,529.0,3922.0,1.0,1.0
Jordyn Tyson,2026,jordyn tyson,,,,,,
Makai Lemon,2026,makai lemon,464.0,4212.0,464.0,4212.0,1.0,1.0
KC Concepcion,2026,kc concepcion,521.0,3590.0,521.0,3590.0,1.0,1.0
Omar Cooper Jr.,2026,omar cooper,461.0,3171.0,461.0,3171.0,1.0,1.0
De'Zhaun Stribling,2026,dezhaun stribling,,,,,,
Denzel Boston,2026,denzel boston,521.0,3590.0,521.0,3590.0,1.0,1.0
Germie Bernard,2026,germie bernard,516.0,3149.0,516.0,3149.0,1.0,1.0
Antonio Williams,2026,antonio williams,432.0,3750.0,432.0,3750.0,1.0,1.0
Malachi Fields,2026,malachi fields,502.0,4299.0,502.0,4299.0,1.0,1.0
Caleb Douglas,2026,caleb douglas,450.0,3265.0,450.0,3265.0,1.0,1.0
Zachariah Branch,2026,zachariah branch,518.0,4183.0,518.0,4183.0,1.0,1.0
Ja'Kobi Lane,2026,jakobi lane,407.0,3376.0,407.0,3376.0,1.0,1.0
Chris Brazzell II,2026,chris brazzell,480.0,3259.0,480.0,3259.0,1.0,1.0
Ted Hurst,2026,ted hurst,,,,,,
Zavion Thomas,2026,zavion thomas,530.0,4539.0,530.0,4539.0,1.0,1.0
Chris Bell,2026,chris bell,450.0,3265.0,450.0,3265.0,1.0,1.0
Brenen Thompson,2026,brenen thompson,539.0,4402.0,539.0,4402.0,1.0,1.0
Elijah Sarratt,2026,elijah sarratt,407.0,3376.0,407.0,3376.0,1.0,1.0
Kaden Wetjen,2026,kaden wetjen,516.0,3149.0,516.0,3149.0,1.0,1.0
Skyler Bell,2026,skyler bell,479.0,3492.0,479.0,3492.0,1.0,1.0
Bryce Lance,2026,bryce lance,,,,,,
Colbie Young,2026,colbie young,607.0,4561.0,607.0,4561.0,1.0,1.0
Reggie Virgil,2026,reggie virgil,617.0,4450.0,617.0,4450.0,1.0,1.0
Kendrick Law,2026,kendrick law,550.0,3673.0,550.0,3673.0,1.0,1.0
Cyrus Allen,2026,cyrus allen,,,,,,
Kevin Coleman Jr.,2026,kevin coleman,450.0,3265.0,450.0,3265.0,1.0,1.0
Barion Brown,2026,barion brown,,,,,,
Josh Cameron,2026,josh cameron,502.0,4525.0,502.0,4525.0,1.0,1.0
Malik Benson,2026,malik benson,493.0,3197.0,493.0,3197.0,1.0,1.0
CJ Daniels,2026,cj daniels,581.0,5396.0,581.0,5396.0,1.0,1.0
Emmanuel Henderson Jr.,2026,emmanuel henderson,455.0,3668.0,455.0,3668.0,1.0,1.0
CJ Williams,2026,cj williams,502.0,4525.0,502.0,4525.0,1.0,1.0
Lewis Bond,2026,lewis bond,553.0,4595.0,553.0,4595.0,1.0,1.0
Anthony Smith,2026,anthony smith,607.0,4925.0,607.0,4925.0,1.0,1.0
Deion Burks,2026,deion burks,528.0,4271.0,528.0,4271.0,1.0,1.0
